Start	End	#1	#2	Seq #1	Seq #2	Diff	OD
4	17	L	N	GKDGNASVNSADES	GKDGNASTNSADES	0.07143
39	50	L	N	AVKEVETLLVSI	AVKEVAALLSSI	0.25
55	66	L	N	-KAIGKKIEAGG	-KAIGKKINNN-	0.33333
71	91	L	N	DGAHNGSLLAGAYKIATEITA	VQNFNASLLAGAHTISKLVTE	0.52381
89	95	L	N	ITAN---	VTEK---	0.42857
112	122	L	N	AKECSEKFTDK	AKKCSDDFTKK	0.36364
134	154	L	N	D--ASDDDAKKAILKTHND-I	GGATTDEEAKKAILRTNAI-K	0.61905
155	163	L	N	TKGAKELKE	DKGADELEK	0.33333
173	201	L	N	KAAKEMLANSVKELTSPVVAESPKKPLE	KAAQDALANSVNELTGPVVAETPKKPLE	0.21429
4	17	L	E	GKDGNASVNSADES	GKDGNASANSADES	0.07143
39	50	L	E	AVKEVETLLVSI	AVKEVETLLASI	0.08333
55	66	L	E	-KAIGKKIEAGG	TKAIGKKIGNN-	0.33333
71	91	L	E	DGAHNGSLLAGAYKIATEITA	NQSKNTSLLSGAYAISDLIAE	0.52381
89	95	L	E	ITAN---	IAEK---	0.28571
112	122	L	E	AKECSEKFTDK	AKQCSTEFTNK	0.27273
134	154	L	E	D--ASDDDAKKAILKTHND-I	N--LTDDNAQRAILKKHAN-K	0.42857
155	163	L	E	TKGAKELKE	DKGAAELEK	0.33333
173	201	L	E	KAAKEMLANSVKELTSPVVAESPKKPLE	KAAQDTLKNAVKELTSPIVAESPKKPLE	0.21429
4	17	L	G	GKDGNASVNSADES	GKDGNASTNSADES	0.07143
39	50	L	G	AVKEVETLLVSI	AVKEVAALLSSI	0.25
55	66	L	G	-KAIGKKIEAGG	-KAIGKKIEQN-	0.25
71	91	L	G	DGAHNGSLLAGAYKIATEITA	DANHNTSLLAGAHEISTLIKQ	0.38095
89	95	L	G	ITAN---	IKQK---	0.42857
112	122	L	G	AKECSEKFTDK	AKKCSAAFTKK	0.36364
134	154	L	G	D--ASDDDAKKAILKTHND-I	AGNATDDNAKRAILKTHGH-E	0.42857
155	163	L	G	TKGAKELKE	DKGGKELKE	0.22222
173	201	L	G	KAAKEMLANSVKELTSPVVAESPKKPLE	KAAQAALANSVQELTSPVVAETPKKPLE	0.17857
4	17	L	B	GKDGNASVNSADES	GKDGNTSANSADES	0.14286
39	50	L	B	AVKEVETLLVSI	AVKEVEALLSSI	0.16667
55	66	L	B	-KAIGKKIEAGG	-KAIGKKIKNDG	0.25
71	91	L	B	DGAHNGSLLAGAYKIATEITA	EANRNESLLAGAYTISTLITQ	0.38095
89	95	L	B	ITAN---	ITQK---	0.28571
112	122	L	B	AKECSEKFTDK	AKKCSEEFSTK	0.45455
134	154	L	B	D--ASDDDAKKAILKTHND-I	G--VTDENAKKAILKANAAGK	0.47619
155	163	L	B	TKGAKELKE	DKGVEELEK	0.44444
173	201	L	B	KAAKEMLANSVKELTSPVVAESPKKPLE	KAAKEMLANSVKELTSPVVVESPKKPLE	0.03571
4	17	L	U	GKDGNASVNSADES	GKDGNASANSADES	0.07143
39	50	L	U	AVKEVETLLVSI	AVKEVEALLASI	0.16667
55	66	L	U	-KAIGKKIEAGG	SKAIGKRIQAN-	0.41667
71	91	L	U	DGAHNGSLLAGAYKIATEITA	LQGQNGSLLAGAYAISNLITQ	0.38095
89	95	L	U	ITAN---	ITQKINV	0.57143
112	122	L	U	AKECSEKFTDK	AKGCSEKFTKK	0.18182
134	154	L	U	D--ASDDDAKKAILKTHND-I	A--ATDANAKDAILKTNPT-K	0.38095
155	163	L	U	TKGAKELKE	TKGAEELDK	0.22222
173	201	L	U	KAAKEMLANSVKELTSPVVAESPKKPLE	KAAKEMLANSVKELTSPVVAESPKKPLE	0.0
4	17	L	O	GKDGNASVNSADES	GKDGNTSANSADES	0.14286
39	50	L	O	AVKEVETLLVSI	AVKEVEALLSSI	0.16667
55	66	L	O	-KAIGKKIEAGG	-KAIGKEIGAN-	0.33333
71	91	L	O	DGAHNGSLLAGAYKIATEITA	QANHNVSLLAGAYEISTLITE	0.38095
89	95	L	O	ITAN---	ITEK---	0.28571
112	122	L	O	AKECSEKFTDK	AKKCSEEFSTK	0.45455
134	154	L	O	D--ASDDDAKKAILKTHND-I	N--ANDANAKAAILKTHNT-K	0.33333
155	163	L	O	TKGAKELKE	DKGAEELVK	0.33333
173	201	L	O	KAAKEMLANSVKELTSPVVAESPKKPLE	KVAQEMLNNSVKELTSPVVAENPKKPLE	0.14286
4	17	L	D	GKDGNASVNSADES	GKDGNTSANSADES	0.14286
39	50	L	D	AVKEVETLLVSI	AVKEVEVLLSSI	0.16667
55	66	L	D	-KAIGKKIEAGG	KKAIGKKIDQNN	0.41667
71	91	L	D	DGAHNGSLLAGAYKIATEITA	LDNHNGSLLAGAYAISALITE	0.28571
89	95	L	D	ITAN---	ITEK---	0.28571
112	122	L	D	AKECSEKFTDK	AKKCSESFTKK	0.27273
134	154	L	D	D--ASDDDAKKAILKTHND-I	N--ATDDNAKKAILKTHNA-K	0.2381
155	163	L	D	TKGAKELKE	DKGAEELVK	0.33333
173	201	L	D	KAAKEMLANSVKELTSPVVAESPKKPLE	KAAQAILANSVKELTSPVVAESPKKPLE	0.10714
4	17	L	H	GKDGNASVNSADES	GKDGNASANSADES	0.07143
39	50	L	H	AVKEVETLLVSI	AVKEVETLLASI	0.08333
55	66	L	H	-KAIGKKIEAGG	-KAIGKKIDQNG	0.25
71	91	L	H	DGAHNGSLLAGAYKIATEITA	DGGQNGSLLAGAYAISTVIIE	0.33333
89	95	L	H	ITAN---	IIEK---	0.42857
112	122	L	H	AKECSEKFTDK	AKDCSEKFAGK	0.27273
134	154	L	H	D--ASDDDAKKAILKTHND-I	D--ATDDDAKKAILKTHGN-T	0.14286
155	163	L	H	TKGAKELKE	DKGAKELKD	0.22222
173	201	L	H	KAAKEMLANSVKELTSPVVAESPKKPLE	KAAKEMLTNSVKELTSPVVAESPKKPLE	0.03571
4	17	L	J	GKDGNASVNSADES	GKDGNTSANSADES	0.14286
39	50	L	J	AVKEVETLLVSI	AVKEIETLLASI	0.16667
55	66	L	J	-KAIGKKIEAGG	TKAIGKKIDNNA	0.33333
71	91	L	J	DGAHNGSLLAGAYKIATEITA	EVGQNGSLLAGAYAISTVIIE	0.38095
89	95	L	J	ITAN---	IIEK---	0.42857
112	122	L	J	AKECSEKFTDK	AKDCSEKFTKK	0.18182
134	154	L	J	D--ASDDDAKKAILKTHND-I	D--ASDDDAKKAILKTNQA-N	0.14286
155	163	L	J	TKGAKELKE	DKGAKELKE	0.11111
173	201	L	J	KAAKEMLANSVKELTSPVVAESPKKPLE	KAAKEMLNKSVKELTSPIVAESPKNPLE	0.10714
4	17	L	I	GKDGNASVNSADES	GKDGNTSANSADES	0.14286
39	50	L	I	AVKEVETLLVSI	AVKEVETLLTSI	0.08333
55	66	L	I	-KAIGKKIEAGG	-KAIGKKIKNDV	0.33333
71	91	L	I	DGAHNGSLLAGAYKIATEITA	EADHNGSLISGAYLISTLITK	0.38095
89	95	L	I	ITAN---	ITKK---	0.28571
112	122	L	I	AKECSEKFTDK	AKKCSEEFTAK	0.27273
134	154	L	I	D--ASDDDAKKAILKTHND-I	G--VTDDNAKKAILKTNND-K	0.28571
155	163	L	I	TKGAKELKE	TKGADELEK	0.22222
173	201	L	I	KAAKEMLANSVKELTSPVVAESPKKPLE	KAAKEMLTNSVKELTSPVVAESPKKPLE	0.03571
4	17	L	A	GKDGNASVNSADES	GKDGNTSANSADES	0.14286
39	50	L	A	AVKEVETLLVSI	AVKEVEALLSSI	0.16667
55	66	L	A	-KAIGKKIEAGG	AKAIGKKIHQNN	0.41667
71	91	L	A	DGAHNGSLLAGAYKIATEITA	ENNHNGSLLAGAYAISTLIKQ	0.47619
89	95	L	A	ITAN---	IKQK---	0.42857
112	122	L	A	AKECSEKFTDK	AKKCSETFTNK	0.27273
134	154	L	A	D--ASDDDAKKAILKTHND-I	G--VTDADAKEAILKTNGT-K	0.38095
155	163	L	A	TKGAKELKE	TKGAEELGK	0.22222
173	201	L	A	KAAKEMLANSVKELTSPVVAESPKKPLE	KAAKEMLANSVKELTSPVVAESPKKPLE	0.0
4	17	L	K	GKDGNASVNSADES	GKDGNTSANSADES	0.14286
39	50	L	K	AVKEVETLLVSI	AVKEIETLLASI	0.16667
55	66	L	K	-KAIGKKIEAGG	TKAIGKKIQQNG	0.33333
71	91	L	K	DGAHNGSLLAGAYKIATEITA	EAGHNGTLLAGAYTISKLITQ	0.38095
89	95	L	K	ITAN---	ITQK---	0.28571
112	122	L	K	AKECSEKFTDK	AKKCSEDFTKK	0.27273
134	154	L	K	D--ASDDDAKKAILKTHND-I	N--VTDENAKKAILITDAA-K	0.52381
155	163	L	K	TKGAKELKE	DKGAAELEK	0.33333
173	201	L	K	KAAKEMLANSVKELTSPVVAESPKKPLE	KAAKEMLANSVKELTSPIVAESPKNPLE	0.07143
4	17	L	C	GKDGNASVNSADES	GKDGNASANSADES	0.07143
39	50	L	C	AVKEVETLLVSI	AVKEVETLLASI	0.08333
55	66	L	C	-KAIGKKIEAGG	-KAIGKKIKNDV	0.33333
71	91	L	C	DGAHNGSLLAGAYKIATEITA	EADNNGSLIAGAYTISTLITQ	0.38095
89	95	L	C	ITAN---	ITQK---	0.28571
112	122	L	C	AKECSEKFTDK	AKKCSEEFTKK	0.27273
134	154	L	C	D--ASDDDAKKAILKTHND-I	D--ATDVHAKEAILKTNGT-K	0.33333
155	163	L	C	TKGAKELKE	DKGAAELEK	0.33333
173	201	L	C	KAAKEMLANSVKELTSPVVAESPKKPLE	KAAKEMLSNSVKELTSPVVAESPKNPLE	0.07143
4	17	L	M	GKDGNASVNSADES	GKDGNTSANSADES	0.14286
39	50	L	M	AVKEVETLLVSI	AVKEVETLLASI	0.08333
55	66	L	M	-KAIGKKIEAGG	KKAIGNLIAQN-	0.5
71	91	L	M	DGAHNGSLLAGAYKIATEITA	GANQNGSLLAGAYVISTLIAE	0.33333
89	95	L	M	ITAN---	IAEK---	0.28571
112	122	L	M	AKECSEKFTDK	AKKCNKAFTDK	0.27273
134	154	L	M	D--ASDDDAKKAILKTHND-I	NGAATDANAKAAILKTNGT-K	0.47619
155	163	L	M	TKGAKELKE	DKGAQELEK	0.33333
173	201	L	M	KAAKEMLANSVKELTSPVVAESPKKPLE	KAAQETLNNSVKELTSPVVAENPKKPLE	0.14286
4	17	L	T	GKDGNASVNSADES	GKDGNASVNSADES	0.0
39	50	L	T	AVKEVETLLVSI	AVKEVETLLASI	0.08333
55	66	L	T	-KAIGKKIEAGG	NKAIGQKIDQNN	0.5
71	91	L	T	DGAHNGSLLAGAYKIATEITA	DAGHNGPLLAGAYAISALITE	0.28571
89	95	L	T	ITAN---	ITEK---	0.28571
112	122	L	T	AKECSEKFTDK	AKKCSTGFTNK	0.36364
134	154	L	T	D--ASDDDAKKAILKTHND-I	GGNATDENAKQAILKTHGN-V	0.47619
155	163	L	T	TKGAKELKE	TKGAKELKD	0.11111
173	201	L	T	KAAKEMLANSVKELTSPVVAESPKKPLE	KAAQAMLTNSVKELTSPVVAETPKKPLE	0.14286
4	17	L	F	GKDGNASVNSADES	GKDGNTSANSADES	0.14286
39	50	L	F	AVKEVETLLVSI	AVKEIETLLSSI	0.16667
55	66	L	F	-KAIGKKIEAGG	TKAIGQKIDAN-	0.41667
71	91	L	F	DGAHNGSLLAGAYKIATEITA	QANQNGSLLAGAYAISTLITQ	0.33333
89	95	L	F	ITAN---	ITQK---	0.28571
112	122	L	F	AKECSEKFTDK	VKKCSEDFTNK	0.36364
134	154	L	F	D--ASDDDAKKAILKTHND-I	A--ATDDNAKAAILKTNGT-N	0.33333
155	163	L	F	TKGAKELKE	DKGAKELKD	0.22222
173	201	L	F	KAAKEMLANSVKELTSPVVAESPKKPLE	KAAQVMLTNSVKELTSPVVAESPKKPLE	0.10714
4	17	N	E	GKDGNASTNSADES	GKDGNASANSADES	0.07143
39	50	N	E	AVKEVAALLSSI	AVKEVETLLASI	0.25
55	66	N	E	-KAIGKKINNN-	TKAIGKKIGNN-	0.16667
71	91	N	E	VQNFNASLLAGAHTISKLVTE	NQSKNTSLLSGAYAISDLIAE	0.47619
89	95	N	E	VTEK---	IAEK---	0.28571
112	122	N	E	AKKCSDDFTKK	AKQCSTEFTNK	0.36364
134	154	N	E	GGATTDEEAKKAILRTNAI-K	N--LTDDNAQRAILKKHAN-K	0.57143
155	163	N	E	DKGADELEK	DKGAAELEK	0.11111
173	201	N	E	KAAQDALANSVNELTGPVVAETPKKPLE	KAAQDTLKNAVKELTSPIVAESPKKPLE	0.28571
4	17	N	G	GKDGNASTNSADES	GKDGNASTNSADES	0.0
39	50	N	G	AVKEVAALLSSI	AVKEVAALLSSI	0.0
55	66	N	G	-KAIGKKINNN-	-KAIGKKIEQN-	0.16667
71	91	N	G	VQNFNASLLAGAHTISKLVTE	DANHNTSLLAGAHEISTLIKQ	0.42857
89	95	N	G	VTEK---	IKQK---	0.42857
112	122	N	G	AKKCSDDFTKK	AKKCSAAFTKK	0.18182
134	154	N	G	GGATTDEEAKKAILRTNAI-K	AGNATDDNAKRAILKTHGH-E	0.47619
155	163	N	G	DKGADELEK	DKGGKELKE	0.33333
173	201	N	G	KAAQDALANSVNELTGPVVAETPKKPLE	KAAQAALANSVQELTSPVVAETPKKPLE	0.10714
4	17	N	B	GKDGNASTNSADES	GKDGNTSANSADES	0.14286
39	50	N	B	AVKEVAALLSSI	AVKEVEALLSSI	0.08333
55	66	N	B	-KAIGKKINNN-	-KAIGKKIKNDG	0.25
71	91	N	B	VQNFNASLLAGAHTISKLVTE	EANRNESLLAGAYTISTLITQ	0.38095
89	95	N	B	VTEK---	ITQK---	0.28571
112	122	N	B	AKKCSDDFTKK	AKKCSEEFSTK	0.27273
134	154	N	B	GGATTDEEAKKAILRTNAI-K	G--VTDENAKKAILKANAAGK	0.38095
155	163	N	B	DKGADELEK	DKGVEELEK	0.22222
173	201	N	B	KAAQDALANSVNELTGPVVAETPKKPLE	KAAKEMLANSVKELTSPVVVESPKKPLE	0.25
4	17	N	U	GKDGNASTNSADES	GKDGNASANSADES	0.07143
39	50	N	U	AVKEVAALLSSI	AVKEVEALLASI	0.16667
55	66	N	U	-KAIGKKINNN-	SKAIGKRIQAN-	0.33333
71	91	N	U	VQNFNASLLAGAHTISKLVTE	LQGQNGSLLAGAYAISNLITQ	0.42857
89	95	N	U	VTEK---	ITQKINV	0.85714
112	122	N	U	AKKCSDDFTKK	AKGCSEKFTKK	0.27273
134	154	N	U	GGATTDEEAKKAILRTNAI-K	A--ATDANAKDAILKTNPT-K	0.42857
155	163	N	U	DKGADELEK	TKGAEELDK	0.33333
173	201	N	U	KAAQDALANSVNELTGPVVAETPKKPLE	KAAKEMLANSVKELTSPVVAESPKKPLE	0.21429
4	17	N	O	GKDGNASTNSADES	GKDGNTSANSADES	0.14286
39	50	N	O	AVKEVAALLSSI	AVKEVEALLSSI	0.08333
55	66	N	O	-KAIGKKINNN-	-KAIGKEIGAN-	0.25
71	91	N	O	VQNFNASLLAGAHTISKLVTE	QANHNVSLLAGAYEISTLITE	0.42857
89	95	N	O	VTEK---	ITEK---	0.14286
112	122	N	O	AKKCSDDFTKK	AKKCSEEFSTK	0.27273
134	154	N	O	GGATTDEEAKKAILRTNAI-K	N--ANDANAKAAILKTHNT-K	0.47619
155	163	N	O	DKGADELEK	DKGAEELVK	0.22222
173	201	N	O	KAAQDALANSVNELTGPVVAETPKKPLE	KVAQEMLNNSVKELTSPVVAENPKKPLE	0.25
4	17	N	D	GKDGNASTNSADES	GKDGNTSANSADES	0.14286
39	50	N	D	AVKEVAALLSSI	AVKEVEVLLSSI	0.16667
55	66	N	D	-KAIGKKINNN-	KKAIGKKIDQNN	0.25
71	91	N	D	VQNFNASLLAGAHTISKLVTE	LDNHNGSLLAGAYAISALITE	0.38095
89	95	N	D	VTEK---	ITEK---	0.14286
112	122	N	D	AKKCSDDFTKK	AKKCSESFTKK	0.18182
134	154	N	D	GGATTDEEAKKAILRTNAI-K	N--ATDDNAKKAILKTHNA-K	0.33333
155	163	N	D	DKGADELEK	DKGAEELVK	0.22222
173	201	N	D	KAAQDALANSVNELTGPVVAETPKKPLE	KAAQAILANSVKELTSPVVAESPKKPLE	0.14286
4	17	N	H	GKDGNASTNSADES	GKDGNASANSADES	0.07143
39	50	N	H	AVKEVAALLSSI	AVKEVETLLASI	0.25
55	66	N	H	-KAIGKKINNN-	-KAIGKKIDQNG	0.25
71	91	N	H	VQNFNASLLAGAHTISKLVTE	DGGQNGSLLAGAYAISTVIIE	0.42857
89	95	N	H	VTEK---	IIEK---	0.28571
112	122	N	H	AKKCSDDFTKK	AKDCSEKFAGK	0.45455
134	154	N	H	GGATTDEEAKKAILRTNAI-K	D--ATDDDAKKAILKTHGN-T	0.42857
155	163	N	H	DKGADELEK	DKGAKELKD	0.22222
173	201	N	H	KAAQDALANSVNELTGPVVAETPKKPLE	KAAKEMLTNSVKELTSPVVAESPKKPLE	0.25
4	17	N	J	GKDGNASTNSADES	GKDGNTSANSADES	0.14286
39	50	N	J	AVKEVAALLSSI	AVKEIETLLASI	0.33333
55	66	N	J	-KAIGKKINNN-	TKAIGKKIDNNA	0.25
71	91	N	J	VQNFNASLLAGAHTISKLVTE	EVGQNGSLLAGAYAISTVIIE	0.38095
89	95	N	J	VTEK---	IIEK---	0.28571
112	122	N	J	AKKCSDDFTKK	AKDCSEKFTKK	0.27273
134	154	N	J	GGATTDEEAKKAILRTNAI-K	D--ASDDDAKKAILKTNQA-N	0.42857
155	163	N	J	DKGADELEK	DKGAKELKE	0.22222
173	201	N	J	KAAQDALANSVNELTGPVVAETPKKPLE	KAAKEMLNKSVKELTSPIVAESPKNPLE	0.32143
4	17	N	I	GKDGNASTNSADES	GKDGNTSANSADES	0.14286
39	50	N	I	AVKEVAALLSSI	AVKEVETLLTSI	0.25
55	66	N	I	-KAIGKKINNN-	-KAIGKKIKNDV	0.25
71	91	N	I	VQNFNASLLAGAHTISKLVTE	EADHNGSLISGAYLISTLITK	0.61905
89	95	N	I	VTEK---	ITKK---	0.28571
112	122	N	I	AKKCSDDFTKK	AKKCSEEFTAK	0.27273
134	154	N	I	GGATTDEEAKKAILRTNAI-K	G--VTDDNAKKAILKTNND-K	0.38095
155	163	N	I	DKGADELEK	TKGADELEK	0.11111
173	201	N	I	KAAQDALANSVNELTGPVVAETPKKPLE	KAAKEMLTNSVKELTSPVVAESPKKPLE	0.25
4	17	N	A	GKDGNASTNSADES	GKDGNTSANSADES	0.14286
39	50	N	A	AVKEVAALLSSI	AVKEVEALLSSI	0.08333
55	66	N	A	-KAIGKKINNN-	AKAIGKKIHQNN	0.25
71	91	N	A	VQNFNASLLAGAHTISKLVTE	ENNHNGSLLAGAYAISTLIKQ	0.47619
89	95	N	A	VTEK---	IKQK---	0.42857
112	122	N	A	AKKCSDDFTKK	AKKCSETFTNK	0.27273
134	154	N	A	GGATTDEEAKKAILRTNAI-K	G--VTDADAKEAILKTNGT-K	0.42857
155	163	N	A	DKGADELEK	TKGAEELGK	0.33333
173	201	N	A	KAAQDALANSVNELTGPVVAETPKKPLE	KAAKEMLANSVKELTSPVVAESPKKPLE	0.21429
4	17	N	K	GKDGNASTNSADES	GKDGNTSANSADES	0.14286
39	50	N	K	AVKEVAALLSSI	AVKEIETLLASI	0.33333
55	66	N	K	-KAIGKKINNN-	TKAIGKKIQQNG	0.33333
71	91	N	K	VQNFNASLLAGAHTISKLVTE	EAGHNGTLLAGAYTISKLITQ	0.42857
89	95	N	K	VTEK---	ITQK---	0.28571
112	122	N	K	AKKCSDDFTKK	AKKCSEDFTKK	0.09091
134	154	N	K	GGATTDEEAKKAILRTNAI-K	N--VTDENAKKAILITDAA-K	0.38095
155	163	N	K	DKGADELEK	DKGAAELEK	0.11111
173	201	N	K	KAAQDALANSVNELTGPVVAETPKKPLE	KAAKEMLANSVKELTSPIVAESPKNPLE	0.28571
4	17	N	C	GKDGNASTNSADES	GKDGNASANSADES	0.07143
39	50	N	C	AVKEVAALLSSI	AVKEVETLLASI	0.25
55	66	N	C	-KAIGKKINNN-	-KAIGKKIKNDV	0.25
71	91	N	C	VQNFNASLLAGAHTISKLVTE	EADNNGSLIAGAYTISTLITQ	0.42857
89	95	N	C	VTEK---	ITQK---	0.28571
112	122	N	C	AKKCSDDFTKK	AKKCSEEFTKK	0.18182
134	154	N	C	GGATTDEEAKKAILRTNAI-K	D--ATDVHAKEAILKTNGT-K	0.42857
155	163	N	C	DKGADELEK	DKGAAELEK	0.11111
173	201	N	C	KAAQDALANSVNELTGPVVAETPKKPLE	KAAKEMLSNSVKELTSPVVAESPKNPLE	0.28571
4	17	N	M	GKDGNASTNSADES	GKDGNTSANSADES	0.14286
39	50	N	M	AVKEVAALLSSI	AVKEVETLLASI	0.25
55	66	N	M	-KAIGKKINNN-	KKAIGNLIAQN-	0.41667
71	91	N	M	VQNFNASLLAGAHTISKLVTE	GANQNGSLLAGAYVISTLIAE	0.42857
89	95	N	M	VTEK---	IAEK---	0.28571
112	122	N	M	AKKCSDDFTKK	AKKCNKAFTDK	0.36364
134	154	N	M	GGATTDEEAKKAILRTNAI-K	NGAATDANAKAAILKTNGT-K	0.38095
155	163	N	M	DKGADELEK	DKGAQELEK	0.11111
173	201	N	M	KAAQDALANSVNELTGPVVAETPKKPLE	KAAQETLNNSVKELTSPVVAENPKKPLE	0.21429
4	17	N	T	GKDGNASTNSADES	GKDGNASVNSADES	0.07143
39	50	N	T	AVKEVAALLSSI	AVKEVETLLASI	0.25
55	66	N	T	-KAIGKKINNN-	NKAIGQKIDQNN	0.33333
71	91	N	T	VQNFNASLLAGAHTISKLVTE	DAGHNGPLLAGAYAISALITE	0.47619
89	95	N	T	VTEK---	ITEK---	0.14286
112	122	N	T	AKKCSDDFTKK	AKKCSTGFTNK	0.27273
134	154	N	T	GGATTDEEAKKAILRTNAI-K	GGNATDENAKQAILKTHGN-V	0.33333
155	163	N	T	DKGADELEK	TKGAKELKD	0.33333
173	201	N	T	KAAQDALANSVNELTGPVVAETPKKPLE	KAAQAMLTNSVKELTSPVVAETPKKPLE	0.14286
4	17	N	F	GKDGNASTNSADES	GKDGNTSANSADES	0.14286
39	50	N	F	AVKEVAALLSSI	AVKEIETLLSSI	0.25
55	66	N	F	-KAIGKKINNN-	TKAIGQKIDAN-	0.33333
71	91	N	F	VQNFNASLLAGAHTISKLVTE	QANQNGSLLAGAYAISTLITQ	0.42857
89	95	N	F	VTEK---	ITQK---	0.28571
112	122	N	F	AKKCSDDFTKK	VKKCSEDFTNK	0.27273
134	154	N	F	GGATTDEEAKKAILRTNAI-K	A--ATDDNAKAAILKTNGT-N	0.47619
155	163	N	F	DKGADELEK	DKGAKELKD	0.22222
173	201	N	F	KAAQDALANSVNELTGPVVAETPKKPLE	KAAQVMLTNSVKELTSPVVAESPKKPLE	0.21429
4	17	E	G	GKDGNASANSADES	GKDGNASTNSADES	0.07143
39	50	E	G	AVKEVETLLASI	AVKEVAALLSSI	0.25
55	66	E	G	TKAIGKKIGNN-	-KAIGKKIEQN-	0.25
71	91	E	G	NQSKNTSLLSGAYAISDLIAE	DANHNTSLLAGAHEISTLIKQ	0.42857
89	95	E	G	IAEK---	IKQK---	0.28571
112	122	E	G	AKQCSTEFTNK	AKKCSAAFTKK	0.36364
134	154	E	G	N--LTDDNAQRAILKKHAN-K	AGNATDDNAKRAILKTHGH-E	0.38095
155	163	E	G	DKGAAELEK	DKGGKELKE	0.33333
173	201	E	G	KAAQDTLKNAVKELTSPIVAESPKKPLE	KAAQAALANSVQELTSPVVAETPKKPLE	0.25
4	17	E	B	GKDGNASANSADES	GKDGNTSANSADES	0.07143
39	50	E	B	AVKEVETLLASI	AVKEVEALLSSI	0.16667
55	66	E	B	TKAIGKKIGNN-	-KAIGKKIKNDG	0.33333
71	91	E	B	NQSKNTSLLSGAYAISDLIAE	EANRNESLLAGAYTISTLITQ	0.42857
89	95	E	B	IAEK---	ITQK---	0.28571
112	122	E	B	AKQCSTEFTNK	AKKCSEEFSTK	0.27273
134	154	E	B	N--LTDDNAQRAILKKHAN-K	G--VTDENAKKAILKANAAGK	0.38095
155	163	E	B	DKGAAELEK	DKGVEELEK	0.22222
173	201	E	B	KAAQDTLKNAVKELTSPIVAESPKKPLE	KAAKEMLANSVKELTSPVVVESPKKPLE	0.25
4	17	E	U	GKDGNASANSADES	GKDGNASANSADES	0.0
39	50	E	U	AVKEVETLLASI	AVKEVEALLASI	0.08333
55	66	E	U	TKAIGKKIGNN-	SKAIGKRIQAN-	0.33333
71	91	E	U	NQSKNTSLLSGAYAISDLIAE	LQGQNGSLLAGAYAISNLITQ	0.42857
89	95	E	U	IAEK---	ITQKINV	0.71429
112	122	E	U	AKQCSTEFTNK	AKGCSEKFTKK	0.27273
134	154	E	U	N--LTDDNAQRAILKKHAN-K	A--ATDANAKDAILKTNPT-K	0.38095
155	163	E	U	DKGAAELEK	TKGAEELDK	0.33333
173	201	E	U	KAAQDTLKNAVKELTSPIVAESPKKPLE	KAAKEMLANSVKELTSPVVAESPKKPLE	0.21429
4	17	E	O	GKDGNASANSADES	GKDGNTSANSADES	0.07143
39	50	E	O	AVKEVETLLASI	AVKEVEALLSSI	0.16667
55	66	E	O	TKAIGKKIGNN-	-KAIGKEIGAN-	0.25
71	91	E	O	NQSKNTSLLSGAYAISDLIAE	QANHNVSLLAGAYEISTLITE	0.38095
89	95	E	O	IAEK---	ITEK---	0.14286
112	122	E	O	AKQCSTEFTNK	AKKCSEEFSTK	0.27273
134	154	E	O	N--LTDDNAQRAILKKHAN-K	N--ANDANAKAAILKTHNT-K	0.33333
155	163	E	O	DKGAAELEK	DKGAEELVK	0.22222
173	201	E	O	KAAQDTLKNAVKELTSPIVAESPKKPLE	KVAQEMLNNSVKELTSPVVAENPKKPLE	0.25
4	17	E	D	GKDGNASANSADES	GKDGNTSANSADES	0.07143
39	50	E	D	AVKEVETLLASI	AVKEVEVLLSSI	0.16667
55	66	E	D	TKAIGKKIGNN-	KKAIGKKIDQNN	0.25
71	91	E	D	NQSKNTSLLSGAYAISDLIAE	LDNHNGSLLAGAYAISALITE	0.33333
89	95	E	D	IAEK---	ITEK---	0.14286
112	122	E	D	AKQCSTEFTNK	AKKCSESFTKK	0.27273
134	154	E	D	N--LTDDNAQRAILKKHAN-K	N--ATDDNAKKAILKTHNA-K	0.2381
155	163	E	D	DKGAAELEK	DKGAEELVK	0.22222
173	201	E	D	KAAQDTLKNAVKELTSPIVAESPKKPLE	KAAQAILANSVKELTSPVVAESPKKPLE	0.17857
4	17	E	H	GKDGNASANSADES	GKDGNASANSADES	0.0
39	50	E	H	AVKEVETLLASI	AVKEVETLLASI	0.0
55	66	E	H	TKAIGKKIGNN-	-KAIGKKIDQNG	0.33333
71	91	E	H	NQSKNTSLLSGAYAISDLIAE	DGGQNGSLLAGAYAISTVIIE	0.42857
89	95	E	H	IAEK---	IIEK---	0.14286
112	122	E	H	AKQCSTEFTNK	AKDCSEKFAGK	0.36364
134	154	E	H	N--LTDDNAQRAILKKHAN-K	D--ATDDDAKKAILKTHGN-T	0.38095
155	163	E	H	DKGAAELEK	DKGAKELKD	0.22222
173	201	E	H	KAAQDTLKNAVKELTSPIVAESPKKPLE	KAAKEMLTNSVKELTSPVVAESPKKPLE	0.21429
4	17	E	J	GKDGNASANSADES	GKDGNTSANSADES	0.07143
39	50	E	J	AVKEVETLLASI	AVKEIETLLASI	0.08333
55	66	E	J	TKAIGKKIGNN-	TKAIGKKIDNNA	0.16667
71	91	E	J	NQSKNTSLLSGAYAISDLIAE	EVGQNGSLLAGAYAISTVIIE	0.42857
89	95	E	J	IAEK---	IIEK---	0.14286
112	122	E	J	AKQCSTEFTNK	AKDCSEKFTKK	0.27273
134	154	E	J	N--LTDDNAQRAILKKHAN-K	D--ASDDDAKKAILKTNQA-N	0.47619
155	163	E	J	DKGAAELEK	DKGAKELKE	0.22222
173	201	E	J	KAAQDTLKNAVKELTSPIVAESPKKPLE	KAAKEMLNKSVKELTSPIVAESPKNPLE	0.21429
4	17	E	I	GKDGNASANSADES	GKDGNTSANSADES	0.07143
39	50	E	I	AVKEVETLLASI	AVKEVETLLTSI	0.08333
55	66	E	I	TKAIGKKIGNN-	-KAIGKKIKNDV	0.33333
71	91	E	I	NQSKNTSLLSGAYAISDLIAE	EADHNGSLISGAYLISTLITK	0.47619
89	95	E	I	IAEK---	ITKK---	0.28571
112	122	E	I	AKQCSTEFTNK	AKKCSEEFTAK	0.27273
134	154	E	I	N--LTDDNAQRAILKKHAN-K	G--VTDDNAKKAILKTNND-K	0.33333
155	163	E	I	DKGAAELEK	TKGADELEK	0.22222
173	201	E	I	KAAQDTLKNAVKELTSPIVAESPKKPLE	KAAKEMLTNSVKELTSPVVAESPKKPLE	0.21429
4	17	E	A	GKDGNASANSADES	GKDGNTSANSADES	0.07143
39	50	E	A	AVKEVETLLASI	AVKEVEALLSSI	0.16667
55	66	E	A	TKAIGKKIGNN-	AKAIGKKIHQNN	0.25
71	91	E	A	NQSKNTSLLSGAYAISDLIAE	ENNHNGSLLAGAYAISTLIKQ	0.38095
89	95	E	A	IAEK---	IKQK---	0.28571
112	122	E	A	AKQCSTEFTNK	AKKCSETFTNK	0.18182
134	154	E	A	N--LTDDNAQRAILKKHAN-K	G--VTDADAKEAILKTNGT-K	0.38095
155	163	E	A	DKGAAELEK	TKGAEELGK	0.33333
173	201	E	A	KAAQDTLKNAVKELTSPIVAESPKKPLE	KAAKEMLANSVKELTSPVVAESPKKPLE	0.21429
4	17	E	K	GKDGNASANSADES	GKDGNTSANSADES	0.07143
39	50	E	K	AVKEVETLLASI	AVKEIETLLASI	0.08333
55	66	E	K	TKAIGKKIGNN-	TKAIGKKIQQNG	0.25
71	91	E	K	NQSKNTSLLSGAYAISDLIAE	EAGHNGTLLAGAYTISKLITQ	0.47619
89	95	E	K	IAEK---	ITQK---	0.28571
112	122	E	K	AKQCSTEFTNK	AKKCSEDFTKK	0.27273
134	154	E	K	N--LTDDNAQRAILKKHAN-K	N--VTDENAKKAILITDAA-K	0.38095
155	163	E	K	DKGAAELEK	DKGAAELEK	0.0
173	201	E	K	KAAQDTLKNAVKELTSPIVAESPKKPLE	KAAKEMLANSVKELTSPIVAESPKNPLE	0.21429
4	17	E	C	GKDGNASANSADES	GKDGNASANSADES	0.0
39	50	E	C	AVKEVETLLASI	AVKEVETLLASI	0.0
55	66	E	C	TKAIGKKIGNN-	-KAIGKKIKNDV	0.33333
71	91	E	C	NQSKNTSLLSGAYAISDLIAE	EADNNGSLIAGAYTISTLITQ	0.47619
89	95	E	C	IAEK---	ITQK---	0.28571
112	122	E	C	AKQCSTEFTNK	AKKCSEEFTKK	0.27273
134	154	E	C	N--LTDDNAQRAILKKHAN-K	D--ATDVHAKEAILKTNGT-K	0.42857
155	163	E	C	DKGAAELEK	DKGAAELEK	0.0
173	201	E	C	KAAQDTLKNAVKELTSPIVAESPKKPLE	KAAKEMLSNSVKELTSPVVAESPKNPLE	0.25
4	17	E	M	GKDGNASANSADES	GKDGNTSANSADES	0.07143
39	50	E	M	AVKEVETLLASI	AVKEVETLLASI	0.0
55	66	E	M	TKAIGKKIGNN-	KKAIGNLIAQN-	0.41667
71	91	E	M	NQSKNTSLLSGAYAISDLIAE	GANQNGSLLAGAYVISTLIAE	0.28571
89	95	E	M	IAEK---	IAEK---	0.0
112	122	E	M	AKQCSTEFTNK	AKKCNKAFTDK	0.45455
134	154	E	M	N--LTDDNAQRAILKKHAN-K	NGAATDANAKAAILKTNGT-K	0.42857
155	163	E	M	DKGAAELEK	DKGAQELEK	0.11111
173	201	E	M	KAAQDTLKNAVKELTSPIVAESPKKPLE	KAAQETLNNSVKELTSPVVAENPKKPLE	0.17857
4	17	E	T	GKDGNASANSADES	GKDGNASVNSADES	0.07143
39	50	E	T	AVKEVETLLASI	AVKEVETLLASI	0.0
55	66	E	T	TKAIGKKIGNN-	NKAIGQKIDQNN	0.33333
71	91	E	T	NQSKNTSLLSGAYAISDLIAE	DAGHNGPLLAGAYAISALITE	0.42857
89	95	E	T	IAEK---	ITEK---	0.14286
112	122	E	T	AKQCSTEFTNK	AKKCSTGFTNK	0.18182
134	154	E	T	N--LTDDNAQRAILKKHAN-K	GGNATDENAKQAILKTHGN-V	0.38095
155	163	E	T	DKGAAELEK	TKGAKELKD	0.33333
173	201	E	T	KAAQDTLKNAVKELTSPIVAESPKKPLE	KAAQAMLTNSVKELTSPVVAETPKKPLE	0.21429
4	17	E	F	GKDGNASANSADES	GKDGNTSANSADES	0.07143
39	50	E	F	AVKEVETLLASI	AVKEIETLLSSI	0.16667
55	66	E	F	TKAIGKKIGNN-	TKAIGQKIDAN-	0.25
71	91	E	F	NQSKNTSLLSGAYAISDLIAE	QANQNGSLLAGAYAISTLITQ	0.33333
89	95	E	F	IAEK---	ITQK---	0.28571
112	122	E	F	AKQCSTEFTNK	VKKCSEDFTNK	0.27273
134	154	E	F	N--LTDDNAQRAILKKHAN-K	A--ATDDNAKAAILKTNGT-N	0.38095
155	163	E	F	DKGAAELEK	DKGAKELKD	0.22222
173	201	E	F	KAAQDTLKNAVKELTSPIVAESPKKPLE	KAAQVMLTNSVKELTSPVVAESPKKPLE	0.17857
4	17	G	B	GKDGNASTNSADES	GKDGNTSANSADES	0.14286
39	50	G	B	AVKEVAALLSSI	AVKEVEALLSSI	0.08333
55	66	G	B	-KAIGKKIEQN-	-KAIGKKIKNDG	0.25
71	91	G	B	DANHNTSLLAGAHEISTLIKQ	EANRNESLLAGAYTISTLITQ	0.28571
89	95	G	B	IKQK---	ITQK---	0.14286
112	122	G	B	AKKCSAAFTKK	AKKCSEEFSTK	0.27273
134	154	G	B	AGNATDDNAKRAILKTHGH-E	G--VTDENAKKAILKANAAGK	0.47619
155	163	G	B	DKGGKELKE	DKGVEELEK	0.33333
173	201	G	B	KAAQAALANSVQELTSPVVAETPKKPLE	KAAKEMLANSVKELTSPVVVESPKKPLE	0.21429
4	17	G	U	GKDGNASTNSADES	GKDGNASANSADES	0.07143
39	50	G	U	AVKEVAALLSSI	AVKEVEALLASI	0.16667
55	66	G	U	-KAIGKKIEQN-	SKAIGKRIQAN-	0.25
71	91	G	U	DANHNTSLLAGAHEISTLIKQ	LQGQNGSLLAGAYAISNLITQ	0.42857
89	95	G	U	IKQK---	ITQKINV	0.57143
112	122	G	U	AKKCSAAFTKK	AKGCSEKFTKK	0.27273
134	154	G	U	AGNATDDNAKRAILKTHGH-E	A--ATDANAKDAILKTNPT-K	0.38095
155	163	G	U	DKGGKELKE	TKGAEELDK	0.77778
173	201	G	U	KAAQAALANSVQELTSPVVAETPKKPLE	KAAKEMLANSVKELTSPVVAESPKKPLE	0.17857
4	17	G	O	GKDGNASTNSADES	GKDGNTSANSADES	0.14286
39	50	G	O	AVKEVAALLSSI	AVKEVEALLSSI	0.08333
55	66	G	O	-KAIGKKIEQN-	-KAIGKEIGAN-	0.25
71	91	G	O	DANHNTSLLAGAHEISTLIKQ	QANHNVSLLAGAYEISTLITE	0.2381
89	95	G	O	IKQK---	ITEK---	0.28571
112	122	G	O	AKKCSAAFTKK	AKKCSEEFSTK	0.27273
134	154	G	O	AGNATDDNAKRAILKTHGH-E	N--ANDANAKAAILKTHNT-K	0.38095
155	163	G	O	DKGGKELKE	DKGAEELVK	0.33333
173	201	G	O	KAAQAALANSVQELTSPVVAETPKKPLE	KVAQEMLNNSVKELTSPVVAENPKKPLE	0.21429
4	17	G	D	GKDGNASTNSADES	GKDGNTSANSADES	0.14286
39	50	G	D	AVKEVAALLSSI	AVKEVEVLLSSI	0.16667
55	66	G	D	-KAIGKKIEQN-	KKAIGKKIDQNN	0.25
71	91	G	D	DANHNTSLLAGAHEISTLIKQ	LDNHNGSLLAGAYAISALITE	0.33333
89	95	G	D	IKQK---	ITEK---	0.28571
112	122	G	D	AKKCSAAFTKK	AKKCSESFTKK	0.18182
134	154	G	D	AGNATDDNAKRAILKTHGH-E	N--ATDDNAKKAILKTHNA-K	0.28571
155	163	G	D	DKGGKELKE	DKGAEELVK	0.33333
173	201	G	D	KAAQAALANSVQELTSPVVAETPKKPLE	KAAQAILANSVKELTSPVVAESPKKPLE	0.10714
4	17	G	H	GKDGNASTNSADES	GKDGNASANSADES	0.07143
39	50	G	H	AVKEVAALLSSI	AVKEVETLLASI	0.25
55	66	G	H	-KAIGKKIEQN-	-KAIGKKIDQNG	0.16667
71	91	G	H	DANHNTSLLAGAHEISTLIKQ	DGGQNGSLLAGAYAISTVIIE	0.42857
89	95	G	H	IKQK---	IIEK---	0.28571
112	122	G	H	AKKCSAAFTKK	AKDCSEKFAGK	0.45455
134	154	G	H	AGNATDDNAKRAILKTHGH-E	D--ATDDDAKKAILKTHGN-T	0.33333
155	163	G	H	DKGGKELKE	DKGAKELKD	0.22222
173	201	G	H	KAAQAALANSVQELTSPVVAETPKKPLE	KAAKEMLTNSVKELTSPVVAESPKKPLE	0.21429
4	17	G	J	GKDGNASTNSADES	GKDGNTSANSADES	0.14286
39	50	G	J	AVKEVAALLSSI	AVKEIETLLASI	0.33333
55	66	G	J	-KAIGKKIEQN-	TKAIGKKIDNNA	0.33333
71	91	G	J	DANHNTSLLAGAHEISTLIKQ	EVGQNGSLLAGAYAISTVIIE	0.47619
89	95	G	J	IKQK---	IIEK---	0.28571
112	122	G	J	AKKCSAAFTKK	AKDCSEKFTKK	0.27273
134	154	G	J	AGNATDDNAKRAILKTHGH-E	D--ASDDDAKKAILKTNQA-N	0.47619
155	163	G	J	DKGGKELKE	DKGAKELKE	0.11111
173	201	G	J	KAAQAALANSVQELTSPVVAETPKKPLE	KAAKEMLNKSVKELTSPIVAESPKNPLE	0.28571
4	17	G	I	GKDGNASTNSADES	GKDGNTSANSADES	0.14286
39	50	G	I	AVKEVAALLSSI	AVKEVETLLTSI	0.25
55	66	G	I	-KAIGKKIEQN-	-KAIGKKIKNDV	0.25
71	91	G	I	DANHNTSLLAGAHEISTLIKQ	EADHNGSLISGAYLISTLITK	0.38095
89	95	G	I	IKQK---	ITKK---	0.14286
112	122	G	I	AKKCSAAFTKK	AKKCSEEFTAK	0.27273
134	154	G	I	AGNATDDNAKRAILKTHGH-E	G--VTDDNAKKAILKTNND-K	0.38095
155	163	G	I	DKGGKELKE	TKGADELEK	0.44444
173	201	G	I	KAAQAALANSVQELTSPVVAETPKKPLE	KAAKEMLTNSVKELTSPVVAESPKKPLE	0.21429
4	17	G	A	GKDGNASTNSADES	GKDGNTSANSADES	0.14286
39	50	G	A	AVKEVAALLSSI	AVKEVEALLSSI	0.08333
55	66	G	A	-KAIGKKIEQN-	AKAIGKKIHQNN	0.25
71	91	G	A	DANHNTSLLAGAHEISTLIKQ	ENNHNGSLLAGAYAISTLIKQ	0.2381
89	95	G	A	IKQK---	IKQK---	0.0
112	122	G	A	AKKCSAAFTKK	AKKCSETFTNK	0.27273
134	154	G	A	AGNATDDNAKRAILKTHGH-E	G--VTDADAKEAILKTNGT-K	0.38095
155	163	G	A	DKGGKELKE	TKGAEELGK	0.55556
173	201	G	A	KAAQAALANSVQELTSPVVAETPKKPLE	KAAKEMLANSVKELTSPVVAESPKKPLE	0.17857
4	17	G	K	GKDGNASTNSADES	GKDGNTSANSADES	0.14286
39	50	G	K	AVKEVAALLSSI	AVKEIETLLASI	0.33333
55	66	G	K	-KAIGKKIEQN-	TKAIGKKIQQNG	0.25
71	91	G	K	DANHNTSLLAGAHEISTLIKQ	EAGHNGTLLAGAYTISKLITQ	0.33333
89	95	G	K	IKQK---	ITQK---	0.14286
112	122	G	K	AKKCSAAFTKK	AKKCSEDFTKK	0.18182
134	154	G	K	AGNATDDNAKRAILKTHGH-E	N--VTDENAKKAILITDAA-K	0.52381
155	163	G	K	DKGGKELKE	DKGAAELEK	0.33333
173	201	G	K	KAAQAALANSVQELTSPVVAETPKKPLE	KAAKEMLANSVKELTSPIVAESPKNPLE	0.25
4	17	G	C	GKDGNASTNSADES	GKDGNASANSADES	0.07143
39	50	G	C	AVKEVAALLSSI	AVKEVETLLASI	0.25
55	66	G	C	-KAIGKKIEQN-	-KAIGKKIKNDV	0.25
71	91	G	C	DANHNTSLLAGAHEISTLIKQ	EADNNGSLIAGAYTISTLITQ	0.33333
89	95	G	C	IKQK---	ITQK---	0.14286
112	122	G	C	AKKCSAAFTKK	AKKCSEEFTKK	0.18182
134	154	G	C	AGNATDDNAKRAILKTHGH-E	D--ATDVHAKEAILKTNGT-K	0.42857
155	163	G	C	DKGGKELKE	DKGAAELEK	0.33333
173	201	G	C	KAAQAALANSVQELTSPVVAETPKKPLE	KAAKEMLSNSVKELTSPVVAESPKNPLE	0.25
4	17	G	M	GKDGNASTNSADES	GKDGNTSANSADES	0.14286
39	50	G	M	AVKEVAALLSSI	AVKEVETLLASI	0.25
55	66	G	M	-KAIGKKIEQN-	KKAIGNLIAQN-	0.33333
71	91	G	M	DANHNTSLLAGAHEISTLIKQ	GANQNGSLLAGAYVISTLIAE	0.33333
89	95	G	M	IKQK---	IAEK---	0.28571
112	122	G	M	AKKCSAAFTKK	AKKCNKAFTDK	0.27273
134	154	G	M	AGNATDDNAKRAILKTHGH-E	NGAATDANAKAAILKTNGT-K	0.33333
155	163	G	M	DKGGKELKE	DKGAQELEK	0.33333
173	201	G	M	KAAQAALANSVQELTSPVVAETPKKPLE	KAAQETLNNSVKELTSPVVAENPKKPLE	0.17857
4	17	G	T	GKDGNASTNSADES	GKDGNASVNSADES	0.07143
39	50	G	T	AVKEVAALLSSI	AVKEVETLLASI	0.25
55	66	G	T	-KAIGKKIEQN-	NKAIGQKIDQNN	0.33333
71	91	G	T	DANHNTSLLAGAHEISTLIKQ	DAGHNGPLLAGAYAISALITE	0.38095
89	95	G	T	IKQK---	ITEK---	0.28571
112	122	G	T	AKKCSAAFTKK	AKKCSTGFTNK	0.27273
134	154	G	T	AGNATDDNAKRAILKTHGH-E	GGNATDENAKQAILKTHGN-V	0.2381
155	163	G	T	DKGGKELKE	TKGAKELKD	0.33333
173	201	G	T	KAAQAALANSVQELTSPVVAETPKKPLE	KAAQAMLTNSVKELTSPVVAETPKKPLE	0.10714
4	17	G	F	GKDGNASTNSADES	GKDGNTSANSADES	0.14286
39	50	G	F	AVKEVAALLSSI	AVKEIETLLSSI	0.25
55	66	G	F	-KAIGKKIEQN-	TKAIGQKIDAN-	0.33333
71	91	G	F	DANHNTSLLAGAHEISTLIKQ	QANQNGSLLAGAYAISTLITQ	0.28571
89	95	G	F	IKQK---	ITQK---	0.14286
112	122	G	F	AKKCSAAFTKK	VKKCSEDFTNK	0.36364
134	154	G	F	AGNATDDNAKRAILKTHGH-E	A--ATDDNAKAAILKTNGT-N	0.28571
155	163	G	F	DKGGKELKE	DKGAKELKD	0.22222
173	201	G	F	KAAQAALANSVQELTSPVVAETPKKPLE	KAAQVMLTNSVKELTSPVVAESPKKPLE	0.17857
4	17	B	U	GKDGNTSANSADES	GKDGNASANSADES	0.07143
39	50	B	U	AVKEVEALLSSI	AVKEVEALLASI	0.08333
55	66	B	U	-KAIGKKIKNDG	SKAIGKRIQAN-	0.41667
71	91	B	U	EANRNESLLAGAYTISTLITQ	LQGQNGSLLAGAYAISNLITQ	0.33333
89	95	B	U	ITQK---	ITQKINV	0.42857
112	122	B	U	AKKCSEEFSTK	AKGCSEKFTKK	0.27273
134	154	B	U	G--VTDENAKKAILKANAAGK	A--ATDANAKDAILKTNPT-K	0.38095
155	163	B	U	DKGVEELEK	TKGAEELDK	0.33333
173	201	B	U	KAAKEMLANSVKELTSPVVVESPKKPLE	KAAKEMLANSVKELTSPVVAESPKKPLE	0.03571
4	17	B	O	GKDGNTSANSADES	GKDGNTSANSADES	0.0
39	50	B	O	AVKEVEALLSSI	AVKEVEALLSSI	0.0
55	66	B	O	-KAIGKKIKNDG	-KAIGKEIGAN-	0.33333
71	91	B	O	EANRNESLLAGAYTISTLITQ	QANHNVSLLAGAYEISTLITE	0.2381
89	95	B	O	ITQK---	ITEK---	0.14286
112	122	B	O	AKKCSEEFSTK	AKKCSEEFSTK	0.0
134	154	B	O	G--VTDENAKKAILKANAAGK	N--ANDANAKAAILKTHNT-K	0.42857
155	163	B	O	DKGVEELEK	DKGAEELVK	0.22222
173	201	B	O	KAAKEMLANSVKELTSPVVVESPKKPLE	KVAQEMLNNSVKELTSPVVAENPKKPLE	0.17857
4	17	B	D	GKDGNTSANSADES	GKDGNTSANSADES	0.0
39	50	B	D	AVKEVEALLSSI	AVKEVEVLLSSI	0.08333
55	66	B	D	-KAIGKKIKNDG	KKAIGKKIDQNN	0.33333
71	91	B	D	EANRNESLLAGAYTISTLITQ	LDNHNGSLLAGAYAISALITE	0.33333
89	95	B	D	ITQK---	ITEK---	0.14286
112	122	B	D	AKKCSEEFSTK	AKKCSESFTKK	0.18182
134	154	B	D	G--VTDENAKKAILKANAAGK	N--ATDDNAKKAILKTHNA-K	0.28571
155	163	B	D	DKGVEELEK	DKGAEELVK	0.22222
173	201	B	D	KAAKEMLANSVKELTSPVVVESPKKPLE	KAAQAILANSVKELTSPVVAESPKKPLE	0.14286
4	17	B	H	GKDGNTSANSADES	GKDGNASANSADES	0.07143
39	50	B	H	AVKEVEALLSSI	AVKEVETLLASI	0.16667
55	66	B	H	-KAIGKKIKNDG	-KAIGKKIDQNG	0.16667
71	91	B	H	EANRNESLLAGAYTISTLITQ	DGGQNGSLLAGAYAISTVIIE	0.42857
89	95	B	H	ITQK---	IIEK---	0.28571
112	122	B	H	AKKCSEEFSTK	AKDCSEKFAGK	0.36364
134	154	B	H	G--VTDENAKKAILKANAAGK	D--ATDDDAKKAILKTHGN-T	0.42857
155	163	B	H	DKGVEELEK	DKGAKELKD	0.33333
173	201	B	H	KAAKEMLANSVKELTSPVVVESPKKPLE	KAAKEMLTNSVKELTSPVVAESPKKPLE	0.07143
4	17	B	J	GKDGNTSANSADES	GKDGNTSANSADES	0.0
39	50	B	J	AVKEVEALLSSI	AVKEIETLLASI	0.25
55	66	B	J	-KAIGKKIKNDG	TKAIGKKIDNNA	0.33333
71	91	B	J	EANRNESLLAGAYTISTLITQ	EVGQNGSLLAGAYAISTVIIE	0.38095
89	95	B	J	ITQK---	IIEK---	0.28571
112	122	B	J	AKKCSEEFSTK	AKDCSEKFTKK	0.27273
134	154	B	J	G--VTDENAKKAILKANAAGK	D--ASDDDAKKAILKTNQA-N	0.42857
155	163	B	J	DKGVEELEK	DKGAKELKE	0.33333
173	201	B	J	KAAKEMLANSVKELTSPVVVESPKKPLE	KAAKEMLNKSVKELTSPIVAESPKNPLE	0.14286
4	17	B	I	GKDGNTSANSADES	GKDGNTSANSADES	0.0
39	50	B	I	AVKEVEALLSSI	AVKEVETLLTSI	0.16667
55	66	B	I	-KAIGKKIKNDG	-KAIGKKIKNDV	0.08333
71	91	B	I	EANRNESLLAGAYTISTLITQ	EADHNGSLISGAYLISTLITK	0.33333
89	95	B	I	ITQK---	ITKK---	0.14286
112	122	B	I	AKKCSEEFSTK	AKKCSEEFTAK	0.09091
134	154	B	I	G--VTDENAKKAILKANAAGK	G--VTDDNAKKAILKTNND-K	0.2381
155	163	B	I	DKGVEELEK	TKGADELEK	0.33333
173	201	B	I	KAAKEMLANSVKELTSPVVVESPKKPLE	KAAKEMLTNSVKELTSPVVAESPKKPLE	0.07143
4	17	B	A	GKDGNTSANSADES	GKDGNTSANSADES	0.0
39	50	B	A	AVKEVEALLSSI	AVKEVEALLSSI	0.0
55	66	B	A	-KAIGKKIKNDG	AKAIGKKIHQNN	0.33333
71	91	B	A	EANRNESLLAGAYTISTLITQ	ENNHNGSLLAGAYAISTLIKQ	0.2381
89	95	B	A	ITQK---	IKQK---	0.14286
112	122	B	A	AKKCSEEFSTK	AKKCSETFTNK	0.18182
134	154	B	A	G--VTDENAKKAILKANAAGK	G--VTDADAKEAILKTNGT-K	0.28571
155	163	B	A	DKGVEELEK	TKGAEELGK	0.33333
173	201	B	A	KAAKEMLANSVKELTSPVVVESPKKPLE	KAAKEMLANSVKELTSPVVAESPKKPLE	0.03571
4	17	B	K	GKDGNTSANSADES	GKDGNTSANSADES	0.0
39	50	B	K	AVKEVEALLSSI	AVKEIETLLASI	0.25
55	66	B	K	-KAIGKKIKNDG	TKAIGKKIQQNG	0.25
71	91	B	K	EANRNESLLAGAYTISTLITQ	EAGHNGTLLAGAYTISKLITQ	0.2381
89	95	B	K	ITQK---	ITQK---	0.0
112	122	B	K	AKKCSEEFSTK	AKKCSEDFTKK	0.18182
134	154	B	K	G--VTDENAKKAILKANAAGK	N--VTDENAKKAILITDAA-K	0.2381
155	163	B	K	DKGVEELEK	DKGAAELEK	0.22222
173	201	B	K	KAAKEMLANSVKELTSPVVVESPKKPLE	KAAKEMLANSVKELTSPIVAESPKNPLE	0.10714
4	17	B	C	GKDGNTSANSADES	GKDGNASANSADES	0.07143
39	50	B	C	AVKEVEALLSSI	AVKEVETLLASI	0.16667
55	66	B	C	-KAIGKKIKNDG	-KAIGKKIKNDV	0.08333
71	91	B	C	EANRNESLLAGAYTISTLITQ	EADNNGSLIAGAYTISTLITQ	0.14286
89	95	B	C	ITQK---	ITQK---	0.0
112	122	B	C	AKKCSEEFSTK	AKKCSEEFTKK	0.09091
134	154	B	C	G--VTDENAKKAILKANAAGK	D--ATDVHAKEAILKTNGT-K	0.38095
155	163	B	C	DKGVEELEK	DKGAAELEK	0.22222
173	201	B	C	KAAKEMLANSVKELTSPVVVESPKKPLE	KAAKEMLSNSVKELTSPVVAESPKNPLE	0.10714
4	17	B	M	GKDGNTSANSADES	GKDGNTSANSADES	0.0
39	50	B	M	AVKEVEALLSSI	AVKEVETLLASI	0.16667
55	66	B	M	-KAIGKKIKNDG	KKAIGNLIAQN-	0.5
71	91	B	M	EANRNESLLAGAYTISTLITQ	GANQNGSLLAGAYVISTLIAE	0.28571
89	95	B	M	ITQK---	IAEK---	0.28571
112	122	B	M	AKKCSEEFSTK	AKKCNKAFTDK	0.36364
134	154	B	M	G--VTDENAKKAILKANAAGK	NGAATDANAKAAILKTNGT-K	0.38095
155	163	B	M	DKGVEELEK	DKGAQELEK	0.22222
173	201	B	M	KAAKEMLANSVKELTSPVVVESPKKPLE	KAAQETLNNSVKELTSPVVAENPKKPLE	0.17857
4	17	B	T	GKDGNTSANSADES	GKDGNASVNSADES	0.14286
39	50	B	T	AVKEVEALLSSI	AVKEVETLLASI	0.16667
55	66	B	T	-KAIGKKIKNDG	NKAIGQKIDQNN	0.41667
71	91	B	T	EANRNESLLAGAYTISTLITQ	DAGHNGPLLAGAYAISALITE	0.38095
89	95	B	T	ITQK---	ITEK---	0.14286
112	122	B	T	AKKCSEEFSTK	AKKCSTGFTNK	0.27273
134	154	B	T	G--VTDENAKKAILKANAAGK	GGNATDENAKQAILKTHGN-V	0.42857
155	163	B	T	DKGVEELEK	TKGAKELKD	0.44444
173	201	B	T	KAAKEMLANSVKELTSPVVVESPKKPLE	KAAQAMLTNSVKELTSPVVAETPKKPLE	0.17857
4	17	B	F	GKDGNTSANSADES	GKDGNTSANSADES	0.0
39	50	B	F	AVKEVEALLSSI	AVKEIETLLSSI	0.16667
55	66	B	F	-KAIGKKIKNDG	TKAIGQKIDAN-	0.41667
71	91	B	F	EANRNESLLAGAYTISTLITQ	QANQNGSLLAGAYAISTLITQ	0.19048
89	95	B	F	ITQK---	ITQK---	0.0
112	122	B	F	AKKCSEEFSTK	VKKCSEDFTNK	0.27273
134	154	B	F	G--VTDENAKKAILKANAAGK	A--ATDDNAKAAILKTNGT-N	0.38095
155	163	B	F	DKGVEELEK	DKGAKELKD	0.33333
173	201	B	F	KAAKEMLANSVKELTSPVVVESPKKPLE	KAAQVMLTNSVKELTSPVVAESPKKPLE	0.14286
4	17	U	O	GKDGNASANSADES	GKDGNTSANSADES	0.07143
39	50	U	O	AVKEVEALLASI	AVKEVEALLSSI	0.08333
55	66	U	O	SKAIGKRIQAN-	-KAIGKEIGAN-	0.25
71	91	U	O	LQGQNGSLLAGAYAISNLITQ	QANHNVSLLAGAYEISTLITE	0.33333
89	95	U	O	ITQKINV	ITEK---	0.57143
112	122	U	O	AKGCSEKFTKK	AKKCSEEFSTK	0.27273
134	154	U	O	A--ATDANAKDAILKTNPT-K	N--ANDANAKAAILKTHNT-K	0.19048
155	163	U	O	TKGAEELDK	DKGAEELVK	0.22222
173	201	U	O	KAAKEMLANSVKELTSPVVAESPKKPLE	KVAQEMLNNSVKELTSPVVAENPKKPLE	0.14286
4	17	U	D	GKDGNASANSADES	GKDGNTSANSADES	0.07143
39	50	U	D	AVKEVEALLASI	AVKEVEVLLSSI	0.16667
55	66	U	D	SKAIGKRIQAN-	KKAIGKKIDQNN	0.33333
71	91	U	D	LQGQNGSLLAGAYAISNLITQ	LDNHNGSLLAGAYAISALITE	0.2381
89	95	U	D	ITQKINV	ITEK---	0.57143
112	122	U	D	AKGCSEKFTKK	AKKCSESFTKK	0.18182
134	154	U	D	A--ATDANAKDAILKTNPT-K	N--ATDDNAKKAILKTHNA-K	0.2381
155	163	U	D	TKGAEELDK	DKGAEELVK	0.22222
173	201	U	D	KAAKEMLANSVKELTSPVVAESPKKPLE	KAAQAILANSVKELTSPVVAESPKKPLE	0.10714
4	17	U	H	GKDGNASANSADES	GKDGNASANSADES	0.0
39	50	U	H	AVKEVEALLASI	AVKEVETLLASI	0.08333
55	66	U	H	SKAIGKRIQAN-	-KAIGKKIDQNG	0.33333
71	91	U	H	LQGQNGSLLAGAYAISNLITQ	DGGQNGSLLAGAYAISTVIIE	0.28571
89	95	U	H	ITQKINV	IIEK---	0.71429
112	122	U	H	AKGCSEKFTKK	AKDCSEKFAGK	0.27273
134	154	U	H	A--ATDANAKDAILKTNPT-K	D--ATDDDAKKAILKTHGN-T	0.33333
155	163	U	H	TKGAEELDK	DKGAKELKD	0.33333
173	201	U	H	KAAKEMLANSVKELTSPVVAESPKKPLE	KAAKEMLTNSVKELTSPVVAESPKKPLE	0.03571
4	17	U	J	GKDGNASANSADES	GKDGNTSANSADES	0.07143
39	50	U	J	AVKEVEALLASI	AVKEIETLLASI	0.16667
55	66	U	J	SKAIGKRIQAN-	TKAIGKKIDNNA	0.41667
71	91	U	J	LQGQNGSLLAGAYAISNLITQ	EVGQNGSLLAGAYAISTVIIE	0.28571
89	95	U	J	ITQKINV	IIEK---	0.71429
112	122	U	J	AKGCSEKFTKK	AKDCSEKFTKK	0.09091
134	154	U	J	A--ATDANAKDAILKTNPT-K	D--ASDDDAKKAILKTNQA-N	0.38095
155	163	U	J	TKGAEELDK	DKGAKELKE	0.33333
173	201	U	J	KAAKEMLANSVKELTSPVVAESPKKPLE	KAAKEMLNKSVKELTSPIVAESPKNPLE	0.10714
4	17	U	I	GKDGNASANSADES	GKDGNTSANSADES	0.07143
39	50	U	I	AVKEVEALLASI	AVKEVETLLTSI	0.16667
55	66	U	I	SKAIGKRIQAN-	-KAIGKKIKNDV	0.41667
71	91	U	I	LQGQNGSLLAGAYAISNLITQ	EADHNGSLISGAYLISTLITK	0.42857
89	95	U	I	ITQKINV	ITKK---	0.57143
112	122	U	I	AKGCSEKFTKK	AKKCSEEFTAK	0.27273
134	154	U	I	A--ATDANAKDAILKTNPT-K	G--VTDDNAKKAILKTNND-K	0.28571
155	163	U	I	TKGAEELDK	TKGADELEK	0.22222
173	201	U	I	KAAKEMLANSVKELTSPVVAESPKKPLE	KAAKEMLTNSVKELTSPVVAESPKKPLE	0.03571
4	17	U	A	GKDGNASANSADES	GKDGNTSANSADES	0.07143
39	50	U	A	AVKEVEALLASI	AVKEVEALLSSI	0.08333
55	66	U	A	SKAIGKRIQAN-	AKAIGKKIHQNN	0.33333
71	91	U	A	LQGQNGSLLAGAYAISNLITQ	ENNHNGSLLAGAYAISTLIKQ	0.28571
89	95	U	A	ITQKINV	IKQK---	0.57143
112	122	U	A	AKGCSEKFTKK	AKKCSETFTNK	0.27273
134	154	U	A	A--ATDANAKDAILKTNPT-K	G--VTDADAKEAILKTNGT-K	0.2381
155	163	U	A	TKGAEELDK	TKGAEELGK	0.11111
173	201	U	A	KAAKEMLANSVKELTSPVVAESPKKPLE	KAAKEMLANSVKELTSPVVAESPKKPLE	0.0
4	17	U	K	GKDGNASANSADES	GKDGNTSANSADES	0.07143
39	50	U	K	AVKEVEALLASI	AVKEIETLLASI	0.16667
55	66	U	K	SKAIGKRIQAN-	TKAIGKKIQQNG	0.33333
71	91	U	K	LQGQNGSLLAGAYAISNLITQ	EAGHNGTLLAGAYTISKLITQ	0.28571
89	95	U	K	ITQKINV	ITQK---	0.42857
112	122	U	K	AKGCSEKFTKK	AKKCSEDFTKK	0.18182
134	154	U	K	A--ATDANAKDAILKTNPT-K	N--VTDENAKKAILITDAA-K	0.57143
155	163	U	K	TKGAEELDK	DKGAAELEK	0.33333
173	201	U	K	KAAKEMLANSVKELTSPVVAESPKKPLE	KAAKEMLANSVKELTSPIVAESPKNPLE	0.07143
4	17	U	C	GKDGNASANSADES	GKDGNASANSADES	0.0
39	50	U	C	AVKEVEALLASI	AVKEVETLLASI	0.08333
55	66	U	C	SKAIGKRIQAN-	-KAIGKKIKNDV	0.41667
71	91	U	C	LQGQNGSLLAGAYAISNLITQ	EADNNGSLIAGAYTISTLITQ	0.33333
89	95	U	C	ITQKINV	ITQK---	0.42857
112	122	U	C	AKGCSEKFTKK	AKKCSEEFTKK	0.18182
134	154	U	C	A--ATDANAKDAILKTNPT-K	D--ATDVHAKEAILKTNGT-K	0.2381
155	163	U	C	TKGAEELDK	DKGAAELEK	0.33333
173	201	U	C	KAAKEMLANSVKELTSPVVAESPKKPLE	KAAKEMLSNSVKELTSPVVAESPKNPLE	0.07143
4	17	U	M	GKDGNASANSADES	GKDGNTSANSADES	0.07143
39	50	U	M	AVKEVEALLASI	AVKEVETLLASI	0.08333
55	66	U	M	SKAIGKRIQAN-	KKAIGNLIAQN-	0.33333
71	91	U	M	LQGQNGSLLAGAYAISNLITQ	GANQNGSLLAGAYVISTLIAE	0.28571
89	95	U	M	ITQKINV	IAEK---	0.71429
112	122	U	M	AKGCSEKFTKK	AKKCNKAFTDK	0.36364
134	154	U	M	A--ATDANAKDAILKTNPT-K	NGAATDANAKAAILKTNGT-K	0.19048
155	163	U	M	TKGAEELDK	DKGAQELEK	0.33333
173	201	U	M	KAAKEMLANSVKELTSPVVAESPKKPLE	KAAQETLNNSVKELTSPVVAENPKKPLE	0.14286
4	17	U	T	GKDGNASANSADES	GKDGNASVNSADES	0.07143
39	50	U	T	AVKEVEALLASI	AVKEVETLLASI	0.08333
55	66	U	T	SKAIGKRIQAN-	NKAIGQKIDQNN	0.33333
71	91	U	T	LQGQNGSLLAGAYAISNLITQ	DAGHNGPLLAGAYAISALITE	0.28571
89	95	U	T	ITQKINV	ITEK---	0.57143
112	122	U	T	AKGCSEKFTKK	AKKCSTGFTNK	0.36364
134	154	U	T	A--ATDANAKDAILKTNPT-K	GGNATDENAKQAILKTHGN-V	0.38095
155	163	U	T	TKGAEELDK	TKGAKELKD	0.22222
173	201	U	T	KAAKEMLANSVKELTSPVVAESPKKPLE	KAAQAMLTNSVKELTSPVVAETPKKPLE	0.14286
4	17	U	F	GKDGNASANSADES	GKDGNTSANSADES	0.07143
39	50	U	F	AVKEVEALLASI	AVKEIETLLSSI	0.25
55	66	U	F	SKAIGKRIQAN-	TKAIGQKIDAN-	0.25
71	91	U	F	LQGQNGSLLAGAYAISNLITQ	QANQNGSLLAGAYAISTLITQ	0.14286
89	95	U	F	ITQKINV	ITQK---	0.42857
112	122	U	F	AKGCSEKFTKK	VKKCSEDFTNK	0.36364
134	154	U	F	A--ATDANAKDAILKTNPT-K	A--ATDDNAKAAILKTNGT-N	0.19048
155	163	U	F	TKGAEELDK	DKGAKELKD	0.33333
173	201	U	F	KAAKEMLANSVKELTSPVVAESPKKPLE	KAAQVMLTNSVKELTSPVVAESPKKPLE	0.10714
4	17	O	D	GKDGNTSANSADES	GKDGNTSANSADES	0.0
39	50	O	D	AVKEVEALLSSI	AVKEVEVLLSSI	0.08333
55	66	O	D	-KAIGKEIGAN-	KKAIGKKIDQNN	0.41667
71	91	O	D	QANHNVSLLAGAYEISTLITE	LDNHNGSLLAGAYAISALITE	0.2381
89	95	O	D	ITEK---	ITEK---	0.0
112	122	O	D	AKKCSEEFSTK	AKKCSESFTKK	0.18182
134	154	O	D	N--ANDANAKAAILKTHNT-K	N--ATDDNAKKAILKTHNA-K	0.19048
155	163	O	D	DKGAEELVK	DKGAEELVK	0.0
173	201	O	D	KVAQEMLNNSVKELTSPVVAENPKKPLE	KAAQAILANSVKELTSPVVAESPKKPLE	0.17857
4	17	O	H	GKDGNTSANSADES	GKDGNASANSADES	0.07143
39	50	O	H	AVKEVEALLSSI	AVKEVETLLASI	0.16667
55	66	O	H	-KAIGKEIGAN-	-KAIGKKIDQNG	0.33333
71	91	O	H	QANHNVSLLAGAYEISTLITE	DGGQNGSLLAGAYAISTVIIE	0.33333
89	95	O	H	ITEK---	IIEK---	0.14286
112	122	O	H	AKKCSEEFSTK	AKDCSEKFAGK	0.36364
134	154	O	H	N--ANDANAKAAILKTHNT-K	D--ATDDDAKKAILKTHGN-T	0.33333
155	163	O	H	DKGAEELVK	DKGAKELKD	0.22222
173	201	O	H	KVAQEMLNNSVKELTSPVVAENPKKPLE	KAAKEMLTNSVKELTSPVVAESPKKPLE	0.14286
4	17	O	J	GKDGNTSANSADES	GKDGNTSANSADES	0.0
39	50	O	J	AVKEVEALLSSI	AVKEIETLLASI	0.25
55	66	O	J	-KAIGKEIGAN-	TKAIGKKIDNNA	0.41667
71	91	O	J	QANHNVSLLAGAYEISTLITE	EVGQNGSLLAGAYAISTVIIE	0.33333
89	95	O	J	ITEK---	IIEK---	0.14286
112	122	O	J	AKKCSEEFSTK	AKDCSEKFTKK	0.27273
134	154	O	J	N--ANDANAKAAILKTHNT-K	D--ASDDDAKKAILKTNQA-N	0.38095
155	163	O	J	DKGAEELVK	DKGAKELKE	0.22222
173	201	O	J	KVAQEMLNNSVKELTSPVVAENPKKPLE	KAAKEMLNKSVKELTSPIVAESPKNPLE	0.21429
4	17	O	I	GKDGNTSANSADES	GKDGNTSANSADES	0.0
39	50	O	I	AVKEVEALLSSI	AVKEVETLLTSI	0.16667
55	66	O	I	-KAIGKEIGAN-	-KAIGKKIKNDV	0.33333
71	91	O	I	QANHNVSLLAGAYEISTLITE	EADHNGSLISGAYLISTLITK	0.33333
89	95	O	I	ITEK---	ITKK---	0.14286
112	122	O	I	AKKCSEEFSTK	AKKCSEEFTAK	0.09091
134	154	O	I	N--ANDANAKAAILKTHNT-K	G--VTDDNAKKAILKTNND-K	0.33333
155	163	O	I	DKGAEELVK	TKGADELEK	0.33333
173	201	O	I	KVAQEMLNNSVKELTSPVVAENPKKPLE	KAAKEMLTNSVKELTSPVVAESPKKPLE	0.14286
4	17	O	A	GKDGNTSANSADES	GKDGNTSANSADES	0.0
39	50	O	A	AVKEVEALLSSI	AVKEVEALLSSI	0.0
55	66	O	A	-KAIGKEIGAN-	AKAIGKKIHQNN	0.41667
71	91	O	A	QANHNVSLLAGAYEISTLITE	ENNHNGSLLAGAYAISTLIKQ	0.28571
89	95	O	A	ITEK---	IKQK---	0.28571
112	122	O	A	AKKCSEEFSTK	AKKCSETFTNK	0.18182
134	154	O	A	N--ANDANAKAAILKTHNT-K	G--VTDADAKEAILKTNGT-K	0.28571
155	163	O	A	DKGAEELVK	TKGAEELGK	0.22222
173	201	O	A	KVAQEMLNNSVKELTSPVVAENPKKPLE	KAAKEMLANSVKELTSPVVAESPKKPLE	0.14286
4	17	O	K	GKDGNTSANSADES	GKDGNTSANSADES	0.0
39	50	O	K	AVKEVEALLSSI	AVKEIETLLASI	0.25
55	66	O	K	-KAIGKEIGAN-	TKAIGKKIQQNG	0.41667
71	91	O	K	QANHNVSLLAGAYEISTLITE	EAGHNGTLLAGAYTISKLITQ	0.33333
89	95	O	K	ITEK---	ITQK---	0.14286
112	122	O	K	AKKCSEEFSTK	AKKCSEDFTKK	0.18182
134	154	O	K	N--ANDANAKAAILKTHNT-K	N--VTDENAKKAILITDAA-K	0.38095
155	163	O	K	DKGAEELVK	DKGAAELEK	0.22222
173	201	O	K	KVAQEMLNNSVKELTSPVVAENPKKPLE	KAAKEMLANSVKELTSPIVAESPKNPLE	0.21429
4	17	O	C	GKDGNTSANSADES	GKDGNASANSADES	0.07143
39	50	O	C	AVKEVEALLSSI	AVKEVETLLASI	0.16667
55	66	O	C	-KAIGKEIGAN-	-KAIGKKIKNDV	0.33333
71	91	O	C	QANHNVSLLAGAYEISTLITE	EADNNGSLIAGAYTISTLITQ	0.28571
89	95	O	C	ITEK---	ITQK---	0.14286
112	122	O	C	AKKCSEEFSTK	AKKCSEEFTKK	0.09091
134	154	O	C	N--ANDANAKAAILKTHNT-K	D--ATDVHAKEAILKTNGT-K	0.28571
155	163	O	C	DKGAEELVK	DKGAAELEK	0.22222
173	201	O	C	KVAQEMLNNSVKELTSPVVAENPKKPLE	KAAKEMLSNSVKELTSPVVAESPKNPLE	0.17857
4	17	O	M	GKDGNTSANSADES	GKDGNTSANSADES	0.0
39	50	O	M	AVKEVEALLSSI	AVKEVETLLASI	0.16667
55	66	O	M	-KAIGKEIGAN-	KKAIGNLIAQN-	0.33333
71	91	O	M	QANHNVSLLAGAYEISTLITE	GANQNGSLLAGAYVISTLIAE	0.2381
89	95	O	M	ITEK---	IAEK---	0.14286
112	122	O	M	AKKCSEEFSTK	AKKCNKAFTDK	0.36364
134	154	O	M	N--ANDANAKAAILKTHNT-K	NGAATDANAKAAILKTNGT-K	0.19048
155	163	O	M	DKGAEELVK	DKGAQELEK	0.22222
173	201	O	M	KVAQEMLNNSVKELTSPVVAENPKKPLE	KAAQETLNNSVKELTSPVVAENPKKPLE	0.07143
4	17	O	T	GKDGNTSANSADES	GKDGNASVNSADES	0.14286
39	50	O	T	AVKEVEALLSSI	AVKEVETLLASI	0.16667
55	66	O	T	-KAIGKEIGAN-	NKAIGQKIDQNN	0.41667
71	91	O	T	QANHNVSLLAGAYEISTLITE	DAGHNGPLLAGAYAISALITE	0.28571
89	95	O	T	ITEK---	ITEK---	0.0
112	122	O	T	AKKCSEEFSTK	AKKCSTGFTNK	0.27273
134	154	O	T	N--ANDANAKAAILKTHNT-K	GGNATDENAKQAILKTHGN-V	0.33333
155	163	O	T	DKGAEELVK	TKGAKELKD	0.33333
173	201	O	T	KVAQEMLNNSVKELTSPVVAENPKKPLE	KAAQAMLTNSVKELTSPVVAETPKKPLE	0.14286
4	17	O	F	GKDGNTSANSADES	GKDGNTSANSADES	0.0
39	50	O	F	AVKEVEALLSSI	AVKEIETLLSSI	0.16667
55	66	O	F	-KAIGKEIGAN-	TKAIGQKIDAN-	0.25
71	91	O	F	QANHNVSLLAGAYEISTLITE	QANQNGSLLAGAYAISTLITQ	0.19048
89	95	O	F	ITEK---	ITQK---	0.14286
112	122	O	F	AKKCSEEFSTK	VKKCSEDFTNK	0.27273
134	154	O	F	N--ANDANAKAAILKTHNT-K	A--ATDDNAKAAILKTNGT-N	0.2381
155	163	O	F	DKGAEELVK	DKGAKELKD	0.22222
173	201	O	F	KVAQEMLNNSVKELTSPVVAENPKKPLE	KAAQVMLTNSVKELTSPVVAESPKKPLE	0.14286
4	17	D	H	GKDGNTSANSADES	GKDGNASANSADES	0.07143
39	50	D	H	AVKEVEVLLSSI	AVKEVETLLASI	0.16667
55	66	D	H	KKAIGKKIDQNN	-KAIGKKIDQNG	0.16667
71	91	D	H	LDNHNGSLLAGAYAISALITE	DGGQNGSLLAGAYAISTVIIE	0.28571
89	95	D	H	ITEK---	IIEK---	0.14286
112	122	D	H	AKKCSESFTKK	AKDCSEKFAGK	0.36364
134	154	D	H	N--ATDDNAKKAILKTHNA-K	D--ATDDDAKKAILKTHGN-T	0.19048
155	163	D	H	DKGAEELVK	DKGAKELKD	0.22222
173	201	D	H	KAAQAILANSVKELTSPVVAESPKKPLE	KAAKEMLTNSVKELTSPVVAESPKKPLE	0.14286
4	17	D	J	GKDGNTSANSADES	GKDGNTSANSADES	0.0
39	50	D	J	AVKEVEVLLSSI	AVKEIETLLASI	0.25
55	66	D	J	KKAIGKKIDQNN	TKAIGKKIDNNA	0.16667
71	91	D	J	LDNHNGSLLAGAYAISALITE	EVGQNGSLLAGAYAISTVIIE	0.33333
89	95	D	J	ITEK---	IIEK---	0.14286
112	122	D	J	AKKCSESFTKK	AKDCSEKFTKK	0.18182
134	154	D	J	N--ATDDNAKKAILKTHNA-K	D--ASDDDAKKAILKTNQA-N	0.2381
155	163	D	J	DKGAEELVK	DKGAKELKE	0.22222
173	201	D	J	KAAQAILANSVKELTSPVVAESPKKPLE	KAAKEMLNKSVKELTSPIVAESPKNPLE	0.21429
4	17	D	I	GKDGNTSANSADES	GKDGNTSANSADES	0.0
39	50	D	I	AVKEVEVLLSSI	AVKEVETLLTSI	0.16667
55	66	D	I	KKAIGKKIDQNN	-KAIGKKIKNDV	0.33333
71	91	D	I	LDNHNGSLLAGAYAISALITE	EADHNGSLISGAYLISTLITK	0.33333
89	95	D	I	ITEK---	ITKK---	0.14286
112	122	D	I	AKKCSESFTKK	AKKCSEEFTAK	0.18182
134	154	D	I	N--ATDDNAKKAILKTHNA-K	G--VTDDNAKKAILKTNND-K	0.19048
155	163	D	I	DKGAEELVK	TKGADELEK	0.33333
173	201	D	I	KAAQAILANSVKELTSPVVAESPKKPLE	KAAKEMLTNSVKELTSPVVAESPKKPLE	0.14286
4	17	D	A	GKDGNTSANSADES	GKDGNTSANSADES	0.0
39	50	D	A	AVKEVEVLLSSI	AVKEVEALLSSI	0.08333
55	66	D	A	KKAIGKKIDQNN	AKAIGKKIHQNN	0.16667
71	91	D	A	LDNHNGSLLAGAYAISALITE	ENNHNGSLLAGAYAISTLIKQ	0.2381
89	95	D	A	ITEK---	IKQK---	0.28571
112	122	D	A	AKKCSESFTKK	AKKCSETFTNK	0.18182
134	154	D	A	N--ATDDNAKKAILKTHNA-K	G--VTDADAKEAILKTNGT-K	0.28571
155	163	D	A	DKGAEELVK	TKGAEELGK	0.22222
173	201	D	A	KAAQAILANSVKELTSPVVAESPKKPLE	KAAKEMLANSVKELTSPVVAESPKKPLE	0.10714
4	17	D	K	GKDGNTSANSADES	GKDGNTSANSADES	0.0
39	50	D	K	AVKEVEVLLSSI	AVKEIETLLASI	0.25
55	66	D	K	KKAIGKKIDQNN	TKAIGKKIQQNG	0.25
71	91	D	K	LDNHNGSLLAGAYAISALITE	EAGHNGTLLAGAYTISKLITQ	0.33333
89	95	D	K	ITEK---	ITQK---	0.14286
112	122	D	K	AKKCSESFTKK	AKKCSEDFTKK	0.09091
134	154	D	K	N--ATDDNAKKAILKTHNA-K	N--VTDENAKKAILITDAA-K	0.2381
155	163	D	K	DKGAEELVK	DKGAAELEK	0.22222
173	201	D	K	KAAQAILANSVKELTSPVVAESPKKPLE	KAAKEMLANSVKELTSPIVAESPKNPLE	0.17857
4	17	D	C	GKDGNTSANSADES	GKDGNASANSADES	0.07143
39	50	D	C	AVKEVEVLLSSI	AVKEVETLLASI	0.16667
55	66	D	C	KKAIGKKIDQNN	-KAIGKKIKNDV	0.33333
71	91	D	C	LDNHNGSLLAGAYAISALITE	EADNNGSLIAGAYTISTLITQ	0.28571
89	95	D	C	ITEK---	ITQK---	0.14286
112	122	D	C	AKKCSESFTKK	AKKCSEEFTKK	0.09091
134	154	D	C	N--ATDDNAKKAILKTHNA-K	D--ATDVHAKEAILKTNGT-K	0.28571
155	163	D	C	DKGAEELVK	DKGAAELEK	0.22222
173	201	D	C	KAAQAILANSVKELTSPVVAESPKKPLE	KAAKEMLSNSVKELTSPVVAESPKNPLE	0.17857
4	17	D	M	GKDGNTSANSADES	GKDGNTSANSADES	0.0
39	50	D	M	AVKEVEVLLSSI	AVKEVETLLASI	0.16667
55	66	D	M	KKAIGKKIDQNN	KKAIGNLIAQN-	0.33333
71	91	D	M	LDNHNGSLLAGAYAISALITE	GANQNGSLLAGAYVISTLIAE	0.28571
89	95	D	M	ITEK---	IAEK---	0.14286
112	122	D	M	AKKCSESFTKK	AKKCNKAFTDK	0.36364
134	154	D	M	N--ATDDNAKKAILKTHNA-K	NGAATDANAKAAILKTNGT-K	0.28571
155	163	D	M	DKGAEELVK	DKGAQELEK	0.22222
173	201	D	M	KAAQAILANSVKELTSPVVAESPKKPLE	KAAQETLNNSVKELTSPVVAENPKKPLE	0.14286
4	17	D	T	GKDGNTSANSADES	GKDGNASVNSADES	0.14286
39	50	D	T	AVKEVEVLLSSI	AVKEVETLLASI	0.16667
55	66	D	T	KKAIGKKIDQNN	NKAIGQKIDQNN	0.16667
71	91	D	T	LDNHNGSLLAGAYAISALITE	DAGHNGPLLAGAYAISALITE	0.14286
89	95	D	T	ITEK---	ITEK---	0.0
112	122	D	T	AKKCSESFTKK	AKKCSTGFTNK	0.27273
134	154	D	T	N--ATDDNAKKAILKTHNA-K	GGNATDENAKQAILKTHGN-V	0.28571
155	163	D	T	DKGAEELVK	TKGAKELKD	0.33333
173	201	D	T	KAAQAILANSVKELTSPVVAESPKKPLE	KAAQAMLTNSVKELTSPVVAETPKKPLE	0.10714
4	17	D	F	GKDGNTSANSADES	GKDGNTSANSADES	0.0
39	50	D	F	AVKEVEVLLSSI	AVKEIETLLSSI	0.16667
55	66	D	F	KKAIGKKIDQNN	TKAIGQKIDAN-	0.33333
71	91	D	F	LDNHNGSLLAGAYAISALITE	QANQNGSLLAGAYAISTLITQ	0.2381
89	95	D	F	ITEK---	ITQK---	0.14286
112	122	D	F	AKKCSESFTKK	VKKCSEDFTNK	0.27273
134	154	D	F	N--ATDDNAKKAILKTHNA-K	A--ATDDNAKAAILKTNGT-N	0.2381
155	163	D	F	DKGAEELVK	DKGAKELKD	0.22222
173	201	D	F	KAAQAILANSVKELTSPVVAESPKKPLE	KAAQVMLTNSVKELTSPVVAESPKKPLE	0.10714
4	17	H	J	GKDGNASANSADES	GKDGNTSANSADES	0.07143
39	50	H	J	AVKEVETLLASI	AVKEIETLLASI	0.08333
55	66	H	J	-KAIGKKIDQNG	TKAIGKKIDNNA	0.25
71	91	H	J	DGGQNGSLLAGAYAISTVIIE	EVGQNGSLLAGAYAISTVIIE	0.09524
89	95	H	J	IIEK---	IIEK---	0.0
112	122	H	J	AKDCSEKFAGK	AKDCSEKFTKK	0.18182
134	154	H	J	D--ATDDDAKKAILKTHGN-T	D--ASDDDAKKAILKTNQA-N	0.19048
155	163	H	J	DKGAKELKD	DKGAKELKE	0.11111
173	201	H	J	KAAKEMLTNSVKELTSPVVAESPKKPLE	KAAKEMLNKSVKELTSPIVAESPKNPLE	0.10714
4	17	H	I	GKDGNASANSADES	GKDGNTSANSADES	0.07143
39	50	H	I	AVKEVETLLASI	AVKEVETLLTSI	0.08333
55	66	H	I	-KAIGKKIDQNG	-KAIGKKIKNDV	0.25
71	91	H	I	DGGQNGSLLAGAYAISTVIIE	EADHNGSLISGAYLISTLITK	0.42857
89	95	H	I	IIEK---	ITKK---	0.28571
112	122	H	I	AKDCSEKFAGK	AKKCSEEFTAK	0.45455
134	154	H	I	D--ATDDDAKKAILKTHGN-T	G--VTDDNAKKAILKTNND-K	0.28571
155	163	H	I	DKGAKELKD	TKGADELEK	0.33333
173	201	H	I	KAAKEMLTNSVKELTSPVVAESPKKPLE	KAAKEMLTNSVKELTSPVVAESPKKPLE	0.0
4	17	H	A	GKDGNASANSADES	GKDGNTSANSADES	0.07143
39	50	H	A	AVKEVETLLASI	AVKEVEALLSSI	0.16667
55	66	H	A	-KAIGKKIDQNG	AKAIGKKIHQNN	0.25
71	91	H	A	DGGQNGSLLAGAYAISTVIIE	ENNHNGSLLAGAYAISTLIKQ	0.33333
89	95	H	A	IIEK---	IKQK---	0.28571
112	122	H	A	AKDCSEKFAGK	AKKCSETFTNK	0.45455
134	154	H	A	D--ATDDDAKKAILKTHGN-T	G--VTDADAKEAILKTNGT-K	0.33333
155	163	H	A	DKGAKELKD	TKGAEELGK	0.33333
173	201	H	A	KAAKEMLTNSVKELTSPVVAESPKKPLE	KAAKEMLANSVKELTSPVVAESPKKPLE	0.03571
4	17	H	K	GKDGNASANSADES	GKDGNTSANSADES	0.07143
39	50	H	K	AVKEVETLLASI	AVKEIETLLASI	0.08333
55	66	H	K	-KAIGKKIDQNG	TKAIGKKIQQNG	0.16667
71	91	H	K	DGGQNGSLLAGAYAISTVIIE	EAGHNGTLLAGAYTISKLITQ	0.42857
89	95	H	K	IIEK---	ITQK---	0.28571
112	122	H	K	AKDCSEKFAGK	AKKCSEDFTKK	0.36364
134	154	H	K	D--ATDDDAKKAILKTHGN-T	N--VTDENAKKAILITDAA-K	0.47619
155	163	H	K	DKGAKELKD	DKGAAELEK	0.22222
173	201	H	K	KAAKEMLTNSVKELTSPVVAESPKKPLE	KAAKEMLANSVKELTSPIVAESPKNPLE	0.10714
4	17	H	C	GKDGNASANSADES	GKDGNASANSADES	0.0
39	50	H	C	AVKEVETLLASI	AVKEVETLLASI	0.0
55	66	H	C	-KAIGKKIDQNG	-KAIGKKIKNDV	0.25
71	91	H	C	DGGQNGSLLAGAYAISTVIIE	EADNNGSLIAGAYTISTLITQ	0.38095
89	95	H	C	IIEK---	ITQK---	0.28571
112	122	H	C	AKDCSEKFAGK	AKKCSEEFTKK	0.36364
134	154	H	C	D--ATDDDAKKAILKTHGN-T	D--ATDVHAKEAILKTNGT-K	0.28571
155	163	H	C	DKGAKELKD	DKGAAELEK	0.22222
173	201	H	C	KAAKEMLTNSVKELTSPVVAESPKKPLE	KAAKEMLSNSVKELTSPVVAESPKNPLE	0.07143
4	17	H	M	GKDGNASANSADES	GKDGNTSANSADES	0.07143
39	50	H	M	AVKEVETLLASI	AVKEVETLLASI	0.0
55	66	H	M	-KAIGKKIDQNG	KKAIGNLIAQN-	0.41667
71	91	H	M	DGGQNGSLLAGAYAISTVIIE	GANQNGSLLAGAYVISTLIAE	0.2381
89	95	H	M	IIEK---	IAEK---	0.14286
112	122	H	M	AKDCSEKFAGK	AKKCNKAFTDK	0.63636
134	154	H	M	D--ATDDDAKKAILKTHGN-T	NGAATDANAKAAILKTNGT-K	0.42857
155	163	H	M	DKGAKELKD	DKGAQELEK	0.22222
173	201	H	M	KAAKEMLTNSVKELTSPVVAESPKKPLE	KAAQETLNNSVKELTSPVVAENPKKPLE	0.14286
4	17	H	T	GKDGNASANSADES	GKDGNASVNSADES	0.07143
39	50	H	T	AVKEVETLLASI	AVKEVETLLASI	0.0
55	66	H	T	-KAIGKKIDQNG	NKAIGQKIDQNN	0.25
71	91	H	T	DGGQNGSLLAGAYAISTVIIE	DAGHNGPLLAGAYAISALITE	0.28571
89	95	H	T	IIEK---	ITEK---	0.14286
112	122	H	T	AKDCSEKFAGK	AKKCSTGFTNK	0.54545
134	154	H	T	D--ATDDDAKKAILKTHGN-T	GGNATDENAKQAILKTHGN-V	0.33333
155	163	H	T	DKGAKELKD	TKGAKELKD	0.11111
173	201	H	T	KAAKEMLTNSVKELTSPVVAESPKKPLE	KAAQAMLTNSVKELTSPVVAETPKKPLE	0.10714
4	17	H	F	GKDGNASANSADES	GKDGNTSANSADES	0.07143
39	50	H	F	AVKEVETLLASI	AVKEIETLLSSI	0.16667
55	66	H	F	-KAIGKKIDQNG	TKAIGQKIDAN-	0.33333
71	91	H	F	DGGQNGSLLAGAYAISTVIIE	QANQNGSLLAGAYAISTLITQ	0.28571
89	95	H	F	IIEK---	ITQK---	0.28571
112	122	H	F	AKDCSEKFAGK	VKKCSEDFTNK	0.54545
134	154	H	F	D--ATDDDAKKAILKTHGN-T	A--ATDDNAKAAILKTNGT-N	0.28571
155	163	H	F	DKGAKELKD	DKGAKELKD	0.0
173	201	H	F	KAAKEMLTNSVKELTSPVVAESPKKPLE	KAAQVMLTNSVKELTSPVVAESPKKPLE	0.07143
4	17	J	I	GKDGNTSANSADES	GKDGNTSANSADES	0.0
39	50	J	I	AVKEIETLLASI	AVKEVETLLTSI	0.16667
55	66	J	I	TKAIGKKIDNNA	-KAIGKKIKNDV	0.33333
71	91	J	I	EVGQNGSLLAGAYAISTVIIE	EADHNGSLISGAYLISTLITK	0.42857
89	95	J	I	IIEK---	ITKK---	0.28571
112	122	J	I	AKDCSEKFTKK	AKKCSEEFTAK	0.27273
134	154	J	I	D--ASDDDAKKAILKTNQA-N	G--VTDDNAKKAILKTNND-K	0.33333
155	163	J	I	DKGAKELKE	TKGADELEK	0.33333
173	201	J	I	KAAKEMLNKSVKELTSPIVAESPKNPLE	KAAKEMLTNSVKELTSPVVAESPKKPLE	0.10714
4	17	J	A	GKDGNTSANSADES	GKDGNTSANSADES	0.0
39	50	J	A	AVKEIETLLASI	AVKEVEALLSSI	0.25
55	66	J	A	TKAIGKKIDNNA	AKAIGKKIHQNN	0.25
71	91	J	A	EVGQNGSLLAGAYAISTVIIE	ENNHNGSLLAGAYAISTLIKQ	0.28571
89	95	J	A	IIEK---	IKQK---	0.28571
112	122	J	A	AKDCSEKFTKK	AKKCSETFTNK	0.27273
134	154	J	A	D--ASDDDAKKAILKTNQA-N	G--VTDADAKEAILKTNGT-K	0.38095
155	163	J	A	DKGAKELKE	TKGAEELGK	0.33333
173	201	J	A	KAAKEMLNKSVKELTSPIVAESPKNPLE	KAAKEMLANSVKELTSPVVAESPKKPLE	0.10714
4	17	J	K	GKDGNTSANSADES	GKDGNTSANSADES	0.0
39	50	J	K	AVKEIETLLASI	AVKEIETLLASI	0.0
55	66	J	K	TKAIGKKIDNNA	TKAIGKKIQQNG	0.25
71	91	J	K	EVGQNGSLLAGAYAISTVIIE	EAGHNGTLLAGAYTISKLITQ	0.38095
89	95	J	K	IIEK---	ITQK---	0.28571
112	122	J	K	AKDCSEKFTKK	AKKCSEDFTKK	0.18182
134	154	J	K	D--ASDDDAKKAILKTNQA-N	N--VTDENAKKAILITDAA-K	0.42857
155	163	J	K	DKGAKELKE	DKGAAELEK	0.22222
173	201	J	K	KAAKEMLNKSVKELTSPIVAESPKNPLE	KAAKEMLANSVKELTSPIVAESPKNPLE	0.03571
4	17	J	C	GKDGNTSANSADES	GKDGNASANSADES	0.07143
39	50	J	C	AVKEIETLLASI	AVKEVETLLASI	0.08333
55	66	J	C	TKAIGKKIDNNA	-KAIGKKIKNDV	0.33333
71	91	J	C	EVGQNGSLLAGAYAISTVIIE	EADNNGSLIAGAYTISTLITQ	0.38095
89	95	J	C	IIEK---	ITQK---	0.28571
112	122	J	C	AKDCSEKFTKK	AKKCSEEFTKK	0.18182
134	154	J	C	D--ASDDDAKKAILKTNQA-N	D--ATDVHAKEAILKTNGT-K	0.33333
155	163	J	C	DKGAKELKE	DKGAAELEK	0.22222
173	201	J	C	KAAKEMLNKSVKELTSPIVAESPKNPLE	KAAKEMLSNSVKELTSPVVAESPKNPLE	0.07143
4	17	J	M	GKDGNTSANSADES	GKDGNTSANSADES	0.0
39	50	J	M	AVKEIETLLASI	AVKEVETLLASI	0.08333
55	66	J	M	TKAIGKKIDNNA	KKAIGNLIAQN-	0.5
71	91	J	M	EVGQNGSLLAGAYAISTVIIE	GANQNGSLLAGAYVISTLIAE	0.2381
89	95	J	M	IIEK---	IAEK---	0.14286
112	122	J	M	AKDCSEKFTKK	AKKCNKAFTDK	0.36364
134	154	J	M	D--ASDDDAKKAILKTNQA-N	NGAATDANAKAAILKTNGT-K	0.47619
155	163	J	M	DKGAKELKE	DKGAQELEK	0.22222
173	201	J	M	KAAKEMLNKSVKELTSPIVAESPKNPLE	KAAQETLNNSVKELTSPVVAENPKKPLE	0.21429
4	17	J	T	GKDGNTSANSADES	GKDGNASVNSADES	0.14286
39	50	J	T	AVKEIETLLASI	AVKEVETLLASI	0.08333
55	66	J	T	TKAIGKKIDNNA	NKAIGQKIDQNN	0.25
71	91	J	T	EVGQNGSLLAGAYAISTVIIE	DAGHNGPLLAGAYAISALITE	0.33333
89	95	J	T	IIEK---	ITEK---	0.14286
112	122	J	T	AKDCSEKFTKK	AKKCSTGFTNK	0.36364
134	154	J	T	D--ASDDDAKKAILKTNQA-N	GGNATDENAKQAILKTHGN-V	0.52381
155	163	J	T	DKGAKELKE	TKGAKELKD	0.22222
173	201	J	T	KAAKEMLNKSVKELTSPIVAESPKNPLE	KAAQAMLTNSVKELTSPVVAETPKKPLE	0.21429
4	17	J	F	GKDGNTSANSADES	GKDGNTSANSADES	0.0
39	50	J	F	AVKEIETLLASI	AVKEIETLLSSI	0.08333
55	66	J	F	TKAIGKKIDNNA	TKAIGQKIDAN-	0.25
71	91	J	F	EVGQNGSLLAGAYAISTVIIE	QANQNGSLLAGAYAISTLITQ	0.28571
89	95	J	F	IIEK---	ITQK---	0.28571
112	122	J	F	AKDCSEKFTKK	VKKCSEDFTNK	0.36364
134	154	J	F	D--ASDDDAKKAILKTNQA-N	A--ATDDNAKAAILKTNGT-N	0.28571
155	163	J	F	DKGAKELKE	DKGAKELKD	0.11111
173	201	J	F	KAAKEMLNKSVKELTSPIVAESPKNPLE	KAAQVMLTNSVKELTSPVVAESPKKPLE	0.17857
4	17	I	A	GKDGNTSANSADES	GKDGNTSANSADES	0.0
39	50	I	A	AVKEVETLLTSI	AVKEVEALLSSI	0.16667
55	66	I	A	-KAIGKKIKNDV	AKAIGKKIHQNN	0.33333
71	91	I	A	EADHNGSLISGAYLISTLITK	ENNHNGSLLAGAYAISTLIKQ	0.28571
89	95	I	A	ITKK---	IKQK---	0.14286
112	122	I	A	AKKCSEEFTAK	AKKCSETFTNK	0.18182
134	154	I	A	G--VTDDNAKKAILKTNND-K	G--VTDADAKEAILKTNGT-K	0.19048
155	163	I	A	TKGADELEK	TKGAEELGK	0.22222
173	201	I	A	KAAKEMLTNSVKELTSPVVAESPKKPLE	KAAKEMLANSVKELTSPVVAESPKKPLE	0.03571
4	17	I	K	GKDGNTSANSADES	GKDGNTSANSADES	0.0
39	50	I	K	AVKEVETLLTSI	AVKEIETLLASI	0.16667
55	66	I	K	-KAIGKKIKNDV	TKAIGKKIQQNG	0.33333
71	91	I	K	EADHNGSLISGAYLISTLITK	EAGHNGTLLAGAYTISKLITQ	0.33333
89	95	I	K	ITKK---	ITQK---	0.14286
112	122	I	K	AKKCSEEFTAK	AKKCSEDFTKK	0.18182
134	154	I	K	G--VTDDNAKKAILKTNND-K	N--VTDENAKKAILITDAA-K	0.2381
155	163	I	K	TKGADELEK	DKGAAELEK	0.22222
173	201	I	K	KAAKEMLTNSVKELTSPVVAESPKKPLE	KAAKEMLANSVKELTSPIVAESPKNPLE	0.10714
4	17	I	C	GKDGNTSANSADES	GKDGNASANSADES	0.07143
39	50	I	C	AVKEVETLLTSI	AVKEVETLLASI	0.08333
55	66	I	C	-KAIGKKIKNDV	-KAIGKKIKNDV	0.0
71	91	I	C	EADHNGSLISGAYLISTLITK	EADNNGSLIAGAYTISTLITQ	0.19048
89	95	I	C	ITKK---	ITQK---	0.14286
112	122	I	C	AKKCSEEFTAK	AKKCSEEFTKK	0.09091
134	154	I	C	G--VTDDNAKKAILKTNND-K	D--ATDVHAKEAILKTNGT-K	0.33333
155	163	I	C	TKGADELEK	DKGAAELEK	0.22222
173	201	I	C	KAAKEMLTNSVKELTSPVVAESPKKPLE	KAAKEMLSNSVKELTSPVVAESPKNPLE	0.07143
4	17	I	M	GKDGNTSANSADES	GKDGNTSANSADES	0.0
39	50	I	M	AVKEVETLLTSI	AVKEVETLLASI	0.08333
55	66	I	M	-KAIGKKIKNDV	KKAIGNLIAQN-	0.5
71	91	I	M	EADHNGSLISGAYLISTLITK	GANQNGSLLAGAYVISTLIAE	0.38095
89	95	I	M	ITKK---	IAEK---	0.28571
112	122	I	M	AKKCSEEFTAK	AKKCNKAFTDK	0.36364
134	154	I	M	G--VTDDNAKKAILKTNND-K	NGAATDANAKAAILKTNGT-K	0.33333
155	163	I	M	TKGADELEK	DKGAQELEK	0.22222
173	201	I	M	KAAKEMLTNSVKELTSPVVAESPKKPLE	KAAQETLNNSVKELTSPVVAENPKKPLE	0.14286
4	17	I	T	GKDGNTSANSADES	GKDGNASVNSADES	0.14286
39	50	I	T	AVKEVETLLTSI	AVKEVETLLASI	0.08333
55	66	I	T	-KAIGKKIKNDV	NKAIGQKIDQNN	0.41667
71	91	I	T	EADHNGSLISGAYLISTLITK	DAGHNGPLLAGAYAISALITE	0.38095
89	95	I	T	ITKK---	ITEK---	0.14286
112	122	I	T	AKKCSEEFTAK	AKKCSTGFTNK	0.27273
134	154	I	T	G--VTDDNAKKAILKTNND-K	GGNATDENAKQAILKTHGN-V	0.38095
155	163	I	T	TKGADELEK	TKGAKELKD	0.22222
173	201	I	T	KAAKEMLTNSVKELTSPVVAESPKKPLE	KAAQAMLTNSVKELTSPVVAETPKKPLE	0.10714
4	17	I	F	GKDGNTSANSADES	GKDGNTSANSADES	0.0
39	50	I	F	AVKEVETLLTSI	AVKEIETLLSSI	0.16667
55	66	I	F	-KAIGKKIKNDV	TKAIGQKIDAN-	0.41667
71	91	I	F	EADHNGSLISGAYLISTLITK	QANQNGSLLAGAYAISTLITQ	0.33333
89	95	I	F	ITKK---	ITQK---	0.14286
112	122	I	F	AKKCSEEFTAK	VKKCSEDFTNK	0.27273
134	154	I	F	G--VTDDNAKKAILKTNND-K	A--ATDDNAKAAILKTNGT-N	0.28571
155	163	I	F	TKGADELEK	DKGAKELKD	0.33333
173	201	I	F	KAAKEMLTNSVKELTSPVVAESPKKPLE	KAAQVMLTNSVKELTSPVVAESPKKPLE	0.07143
4	17	A	K	GKDGNTSANSADES	GKDGNTSANSADES	0.0
39	50	A	K	AVKEVEALLSSI	AVKEIETLLASI	0.25
55	66	A	K	AKAIGKKIHQNN	TKAIGKKIQQNG	0.25
71	91	A	K	ENNHNGSLLAGAYAISTLIKQ	EAGHNGTLLAGAYTISKLITQ	0.28571
89	95	A	K	IKQK---	ITQK---	0.14286
112	122	A	K	AKKCSETFTNK	AKKCSEDFTKK	0.18182
134	154	A	K	G--VTDADAKEAILKTNGT-K	N--VTDENAKKAILITDAA-K	0.38095
155	163	A	K	TKGAEELGK	DKGAAELEK	0.33333
173	201	A	K	KAAKEMLANSVKELTSPVVAESPKKPLE	KAAKEMLANSVKELTSPIVAESPKNPLE	0.07143
4	17	A	C	GKDGNTSANSADES	GKDGNASANSADES	0.07143
39	50	A	C	AVKEVEALLSSI	AVKEVETLLASI	0.16667
55	66	A	C	AKAIGKKIHQNN	-KAIGKKIKNDV	0.33333
71	91	A	C	ENNHNGSLLAGAYAISTLIKQ	EADNNGSLIAGAYTISTLITQ	0.2381
89	95	A	C	IKQK---	ITQK---	0.14286
112	122	A	C	AKKCSETFTNK	AKKCSEEFTKK	0.18182
134	154	A	C	G--VTDADAKEAILKTNGT-K	D--ATDVHAKEAILKTNGT-K	0.19048
155	163	A	C	TKGAEELGK	DKGAAELEK	0.33333
173	201	A	C	KAAKEMLANSVKELTSPVVAESPKKPLE	KAAKEMLSNSVKELTSPVVAESPKNPLE	0.07143
4	17	A	M	GKDGNTSANSADES	GKDGNTSANSADES	0.0
39	50	A	M	AVKEVEALLSSI	AVKEVETLLASI	0.16667
55	66	A	M	AKAIGKKIHQNN	KKAIGNLIAQN-	0.41667
71	91	A	M	ENNHNGSLLAGAYAISTLIKQ	GANQNGSLLAGAYVISTLIAE	0.28571
89	95	A	M	IKQK---	IAEK---	0.28571
112	122	A	M	AKKCSETFTNK	AKKCNKAFTDK	0.36364
134	154	A	M	G--VTDADAKEAILKTNGT-K	NGAATDANAKAAILKTNGT-K	0.2381
155	163	A	M	TKGAEELGK	DKGAQELEK	0.33333
173	201	A	M	KAAKEMLANSVKELTSPVVAESPKKPLE	KAAQETLNNSVKELTSPVVAENPKKPLE	0.14286
4	17	A	T	GKDGNTSANSADES	GKDGNASVNSADES	0.14286
39	50	A	T	AVKEVEALLSSI	AVKEVETLLASI	0.16667
55	66	A	T	AKAIGKKIHQNN	NKAIGQKIDQNN	0.25
71	91	A	T	ENNHNGSLLAGAYAISTLIKQ	DAGHNGPLLAGAYAISALITE	0.33333
89	95	A	T	IKQK---	ITEK---	0.28571
112	122	A	T	AKKCSETFTNK	AKKCSTGFTNK	0.09091
134	154	A	T	G--VTDADAKEAILKTNGT-K	GGNATDENAKQAILKTHGN-V	0.42857
155	163	A	T	TKGAEELGK	TKGAKELKD	0.22222
173	201	A	T	KAAKEMLANSVKELTSPVVAESPKKPLE	KAAQAMLTNSVKELTSPVVAETPKKPLE	0.14286
4	17	A	F	GKDGNTSANSADES	GKDGNTSANSADES	0.0
39	50	A	F	AVKEVEALLSSI	AVKEIETLLSSI	0.16667
55	66	A	F	AKAIGKKIHQNN	TKAIGQKIDAN-	0.41667
71	91	A	F	ENNHNGSLLAGAYAISTLIKQ	QANQNGSLLAGAYAISTLITQ	0.19048
89	95	A	F	IKQK---	ITQK---	0.14286
112	122	A	F	AKKCSETFTNK	VKKCSEDFTNK	0.18182
134	154	A	F	G--VTDADAKEAILKTNGT-K	A--ATDDNAKAAILKTNGT-N	0.2381
155	163	A	F	TKGAEELGK	DKGAKELKD	0.33333
173	201	A	F	KAAKEMLANSVKELTSPVVAESPKKPLE	KAAQVMLTNSVKELTSPVVAESPKKPLE	0.10714
4	17	K	C	GKDGNTSANSADES	GKDGNASANSADES	0.07143
39	50	K	C	AVKEIETLLASI	AVKEVETLLASI	0.08333
55	66	K	C	TKAIGKKIQQNG	-KAIGKKIKNDV	0.33333
71	91	K	C	EAGHNGTLLAGAYTISKLITQ	EADNNGSLIAGAYTISTLITQ	0.2381
89	95	K	C	ITQK---	ITQK---	0.0
112	122	K	C	AKKCSEDFTKK	AKKCSEEFTKK	0.09091
134	154	K	C	N--VTDENAKKAILITDAA-K	D--ATDVHAKEAILKTNGT-K	0.42857
155	163	K	C	DKGAAELEK	DKGAAELEK	0.0
173	201	K	C	KAAKEMLANSVKELTSPIVAESPKNPLE	KAAKEMLSNSVKELTSPVVAESPKNPLE	0.07143
4	17	K	M	GKDGNTSANSADES	GKDGNTSANSADES	0.0
39	50	K	M	AVKEIETLLASI	AVKEVETLLASI	0.08333
55	66	K	M	TKAIGKKIQQNG	KKAIGNLIAQN-	0.41667
71	91	K	M	EAGHNGTLLAGAYTISKLITQ	GANQNGSLLAGAYVISTLIAE	0.38095
89	95	K	M	ITQK---	IAEK---	0.28571
112	122	K	M	AKKCSEDFTKK	AKKCNKAFTDK	0.36364
134	154	K	M	N--VTDENAKKAILITDAA-K	NGAATDANAKAAILKTNGT-K	0.42857
155	163	K	M	DKGAAELEK	DKGAQELEK	0.11111
173	201	K	M	KAAKEMLANSVKELTSPIVAESPKNPLE	KAAQETLNNSVKELTSPVVAENPKKPLE	0.21429
4	17	K	T	GKDGNTSANSADES	GKDGNASVNSADES	0.14286
39	50	K	T	AVKEIETLLASI	AVKEVETLLASI	0.08333
55	66	K	T	TKAIGKKIQQNG	NKAIGQKIDQNN	0.33333
71	91	K	T	EAGHNGTLLAGAYTISKLITQ	DAGHNGPLLAGAYAISALITE	0.2381
89	95	K	T	ITQK---	ITEK---	0.14286
112	122	K	T	AKKCSEDFTKK	AKKCSTGFTNK	0.27273
134	154	K	T	N--VTDENAKKAILITDAA-K	GGNATDENAKQAILKTHGN-V	0.42857
155	163	K	T	DKGAAELEK	TKGAKELKD	0.33333
173	201	K	T	KAAKEMLANSVKELTSPIVAESPKNPLE	KAAQAMLTNSVKELTSPVVAETPKKPLE	0.21429
4	17	K	F	GKDGNTSANSADES	GKDGNTSANSADES	0.0
39	50	K	F	AVKEIETLLASI	AVKEIETLLSSI	0.08333
55	66	K	F	TKAIGKKIQQNG	TKAIGQKIDAN-	0.33333
71	91	K	F	EAGHNGTLLAGAYTISKLITQ	QANQNGSLLAGAYAISTLITQ	0.28571
89	95	K	F	ITQK---	ITQK---	0.0
112	122	K	F	AKKCSEDFTKK	VKKCSEDFTNK	0.18182
134	154	K	F	N--VTDENAKKAILITDAA-K	A--ATDDNAKAAILKTNGT-N	0.42857
155	163	K	F	DKGAAELEK	DKGAKELKD	0.22222
173	201	K	F	KAAKEMLANSVKELTSPIVAESPKNPLE	KAAQVMLTNSVKELTSPVVAESPKKPLE	0.17857
4	17	C	M	GKDGNASANSADES	GKDGNTSANSADES	0.07143
39	50	C	M	AVKEVETLLASI	AVKEVETLLASI	0.0
55	66	C	M	-KAIGKKIKNDV	KKAIGNLIAQN-	0.5
71	91	C	M	EADNNGSLIAGAYTISTLITQ	GANQNGSLLAGAYVISTLIAE	0.28571
89	95	C	M	ITQK---	IAEK---	0.28571
112	122	C	M	AKKCSEEFTKK	AKKCNKAFTDK	0.36364
134	154	C	M	D--ATDVHAKEAILKTNGT-K	NGAATDANAKAAILKTNGT-K	0.28571
155	163	C	M	DKGAAELEK	DKGAQELEK	0.11111
173	201	C	M	KAAKEMLSNSVKELTSPVVAESPKNPLE	KAAQETLNNSVKELTSPVVAENPKKPLE	0.17857
4	17	C	T	GKDGNASANSADES	GKDGNASVNSADES	0.07143
39	50	C	T	AVKEVETLLASI	AVKEVETLLASI	0.0
55	66	C	T	-KAIGKKIKNDV	NKAIGQKIDQNN	0.41667
71	91	C	T	EADNNGSLIAGAYTISTLITQ	DAGHNGPLLAGAYAISALITE	0.38095
89	95	C	T	ITQK---	ITEK---	0.14286
112	122	C	T	AKKCSEEFTKK	AKKCSTGFTNK	0.27273
134	154	C	T	D--ATDVHAKEAILKTNGT-K	GGNATDENAKQAILKTHGN-V	0.42857
155	163	C	T	DKGAAELEK	TKGAKELKD	0.33333
173	201	C	T	KAAKEMLSNSVKELTSPVVAESPKNPLE	KAAQAMLTNSVKELTSPVVAETPKKPLE	0.17857
4	17	C	F	GKDGNASANSADES	GKDGNTSANSADES	0.07143
39	50	C	F	AVKEVETLLASI	AVKEIETLLSSI	0.16667
55	66	C	F	-KAIGKKIKNDV	TKAIGQKIDAN-	0.41667
71	91	C	F	EADNNGSLIAGAYTISTLITQ	QANQNGSLLAGAYAISTLITQ	0.19048
89	95	C	F	ITQK---	ITQK---	0.0
112	122	C	F	AKKCSEEFTKK	VKKCSEDFTNK	0.27273
134	154	C	F	D--ATDVHAKEAILKTNGT-K	A--ATDDNAKAAILKTNGT-N	0.2381
155	163	C	F	DKGAAELEK	DKGAKELKD	0.22222
173	201	C	F	KAAKEMLSNSVKELTSPVVAESPKNPLE	KAAQVMLTNSVKELTSPVVAESPKKPLE	0.14286
4	17	M	T	GKDGNTSANSADES	GKDGNASVNSADES	0.14286
39	50	M	T	AVKEVETLLASI	AVKEVETLLASI	0.0
55	66	M	T	KKAIGNLIAQN-	NKAIGQKIDQNN	0.41667
71	91	M	T	GANQNGSLLAGAYVISTLIAE	DAGHNGPLLAGAYAISALITE	0.33333
89	95	M	T	IAEK---	ITEK---	0.14286
112	122	M	T	AKKCNKAFTDK	AKKCSTGFTNK	0.45455
134	154	M	T	NGAATDANAKAAILKTNGT-K	GGNATDENAKQAILKTHGN-V	0.33333
155	163	M	T	DKGAQELEK	TKGAKELKD	0.33333
173	201	M	T	KAAQETLNNSVKELTSPVVAENPKKPLE	KAAQAMLTNSVKELTSPVVAETPKKPLE	0.14286
4	17	M	F	GKDGNTSANSADES	GKDGNTSANSADES	0.0
39	50	M	F	AVKEVETLLASI	AVKEIETLLSSI	0.16667
55	66	M	F	KKAIGNLIAQN-	TKAIGQKIDAN-	0.33333
71	91	M	F	GANQNGSLLAGAYVISTLIAE	QANQNGSLLAGAYAISTLITQ	0.19048
89	95	M	F	IAEK---	ITQK---	0.28571
112	122	M	F	AKKCNKAFTDK	VKKCSEDFTNK	0.54545
134	154	M	F	NGAATDANAKAAILKTNGT-K	A--ATDDNAKAAILKTNGT-N	0.19048
155	163	M	F	DKGAQELEK	DKGAKELKD	0.22222
173	201	M	F	KAAQETLNNSVKELTSPVVAENPKKPLE	KAAQVMLTNSVKELTSPVVAESPKKPLE	0.14286
4	17	T	F	GKDGNASVNSADES	GKDGNTSANSADES	0.14286
39	50	T	F	AVKEVETLLASI	AVKEIETLLSSI	0.16667
55	66	T	F	NKAIGQKIDQNN	TKAIGQKIDAN-	0.25
71	91	T	F	DAGHNGPLLAGAYAISALITE	QANQNGSLLAGAYAISTLITQ	0.28571
89	95	T	F	ITEK---	ITQK---	0.14286
112	122	T	F	AKKCSTGFTNK	VKKCSEDFTNK	0.27273
134	154	T	F	GGNATDENAKQAILKTHGN-V	A--ATDDNAKAAILKTNGT-N	0.38095
155	163	T	F	TKGAKELKD	DKGAKELKD	0.11111
173	201	T	F	KAAQAMLTNSVKELTSPVVAETPKKPLE	KAAQVMLTNSVKELTSPVVAESPKKPLE	0.07143
